obs,tipo,fecha,track,comercial,descarte,total,year,viaje,lance,mes,dia
SB,Pesca de Merluza,2015-01-28T00:00:00Z,NA,7785,1000,8785,2015,NA,NA,1,28
SB,Pesca de Merluza,2015-01-29T00:00:00Z,NA,8390,500,8890,2015,NA,NA,1,29
SB,Pesca de Merluza,2015-01-29T00:00:00Z,NA,1000,100,1100,2015,NA,NA,1,29
SB,Pesca de Merluza,2015-01-30T00:00:00Z,NA,519,235.6067506027324,754.6067506027324,2015,NA,NA,1,30
SB,Pesca de Merluza,2015-01-30T00:00:00Z,NA,3700,NA,3700,2015,NA,NA,1,30
SB,Pesca de Merluza,2015-01-31T00:00:00Z,NA,3500,NA,3500,2015,NA,NA,1,31
DC,Pesca de Merluza,2015-01-25T00:00:00Z,NA,15000,600,15600,2015,NA,NA,1,25
DC,Pesca de Merluza,2015-01-26T00:00:00Z,NA,7000,NA,7000,2015,NA,NA,1,26
AL,Pesca de Merluza,2015-01-26T00:00:00Z,26012015/AL/2,800,150,950,2015,NA,NA,1,26
AL,Pesca de Merluza,2015-01-26T00:00:00Z,26012015/AL/3,400,255,655,2015,NA,NA,1,26
AL,Pesca de Merluza,2015-01-27T00:00:00Z,27012015/AL/1,250,120,370,2015,NA,NA,1,27
RR,Pesca de Merluza,2015-01-26T00:00:00Z,26012015/rr/02,9000,NA,9000,2015,NA,NA,1,26
RR,Pesca de Merluza,2015-01-27T00:00:00Z,27012015/rr/01,5000,NA,5000,2015,NA,NA,1,27
AL,Pesca de Merluza,2015-02-04T00:00:00Z,04022015/AL/1,12000,700,12700,2015,NA,NA,2,4
AL,Pesca de Merluza,2015-02-04T00:00:00Z,04022015/AL/2,2500,2500,5000,2015,NA,NA,2,4
AL,Pesca de Merluza,2015-02-05T00:00:00Z,05022015/AL/3,2500,100,2600,2015,NA,NA,2,5
AL,Pesca de Merluza,2015-02-05T00:00:00Z,05022015/AL/4,4000,270,4270,2015,NA,NA,2,5
AL,Pesca de Merluza,2015-02-05T00:00:00Z,05022015/AL/5,3000,250,3250,2015,NA,NA,2,5
AL,Pesca de Merluza,2015-02-06T00:00:00Z,06022015/AL/6,3500,200,3700,2015,NA,NA,2,6
AL,Pesca de Merluza,2015-02-06T00:00:00Z,06022015/AL/7,2000,150,2150,2015,NA,NA,2,6
DC,Pesca de Merluza,2015-01-30T00:00:00Z,NA,7500,NA,7500,2015,NA,NA,1,30
DC,Pesca de Merluza,2015-01-30T00:00:00Z,NA,7000,50,7050,2015,NA,NA,1,30
DC,Pesca de Merluza,2015-01-30T00:00:00Z,NA,400,NA,400,2015,NA,NA,1,30
DC,Pesca de Merluza,2015-01-31T00:00:00Z,NA,13100,NA,13100,2015,NA,NA,1,31
DC,Pesca de Merluza,2015-01-31T00:00:00Z,NA,8000,30,8030,2015,NA,NA,1,31
RR,Pesca de Merluza,2015-01-26T00:00:00Z,26012015/rr/02,9000,NA,9000,2015,NA,NA,1,26
RR,Pesca de Merluza,2015-01-27T00:00:00Z,27012015/rr/01,5000,NA,5000,2015,NA,NA,1,27
RR,Pesca de Merluza,2015-02-11T00:00:00Z,11022015/RR/01,1050,NA,1050,2015,NA,NA,2,11
RR,Pesca de Merluza,2015-02-11T00:00:00Z,11022015/RR/02,140,NA,140,2015,NA,NA,2,11
RR,Pesca de Merluza,2015-02-13T00:00:00Z,13022015/RR/03,770,80,850,2015,NA,NA,2,13
RR,Pesca de Merluza,2015-02-13T00:00:00Z,13022015/RR/04,1610,NA,1610,2015,NA,NA,2,13
RR,Pesca de Merluza,2015-02-13T00:00:00Z,13022015/RR/05,1820,NA,1820,2015,NA,NA,2,13
RR,Pesca de Merluza,2015-02-14T00:00:00Z,14022015/RR/06,770,NA,770,2015,NA,NA,2,14
RR,Pesca de Merluza,2015-02-14T00:00:00Z,14022015/RR/07,4130,NA,4130,2015,NA,NA,2,14
RR,Pesca de Merluza,2015-02-14T00:00:00Z,14022015/RR/08,3360,NA,3360,2015,NA,NA,2,14
RR,Pesca de Merluza,2015-02-15T00:00:00Z,15022015/RR/09,2100,NA,2100,2015,NA,NA,2,15
RR,Pesca de Merluza,2015-02-15T00:00:00Z,15022015/RR/10,1540,NA,1540,2015,NA,NA,2,15
RR,Pesca de Merluza,2015-02-15T00:00:00Z,15022015/RR/11,980,NA,980,2015,NA,NA,2,15
SB,Pesca de Merluza,2015-02-20T00:00:00Z,20022015-sb-05,90.63,28.1,118.72999999999999,2015,NA,NA,2,20
SB,Pesca de Merluza,2015-02-20T00:00:00Z,20022015-sb-06,2800,130,2930,2015,NA,NA,2,20
SB,Pesca de Merluza,2015-02-20T00:00:00Z,20022015-sb-07,1200,120,1320,2015,NA,NA,2,20
DC,Pesca de Merluza,2015-02-26T00:00:00Z,NA,950,NA,950,2015,NA,NA,2,26
DC,Pesca de Merluza,2015-02-26T00:00:00Z,NA,1400,80,1480,2015,NA,NA,2,26
DC,Pesca de Merluza,2015-02-26T00:00:00Z,NA,NA,NA,NA,2015,NA,NA,2,26
RR,Pesca de Merluza,2015-02-26T00:00:00Z,26022015/rr/01,100,50,NA,2015,NA,NA,2,26
RR,Pesca de Merluza,2015-02-26T00:00:00Z,26022015/rr/02,200,50,NA,2015,NA,NA,2,26
RR,Pesca de Merluza,2015-02-26T00:00:00Z,26022015/rr/03,400,100,NA,2015,NA,NA,2,26
DC,Pesca de Merluza,2015-03-04T00:00:00Z,NA,11600,100,11700,2015,NA,NA,3,4
DC,Pesca de Merluza,2015-03-04T00:00:00Z,NA,12000,250,12250,2015,NA,NA,3,4
DC,Pesca de Merluza,2015-03-04T00:00:00Z,NA,4500,NA,4500,2015,NA,NA,3,4
DC,Pesca de Merluza,2015-03-05T00:00:00Z,NA,4600,150,4750,2015,NA,NA,3,5
DC,Pesca de Merluza,2015-03-05T00:00:00Z,NA,4800,150,4950,2015,NA,NA,3,5
AL,Pesca de Merluza,2015-03-09T00:00:00Z,09032015/AL/1,50,100,150,2015,NA,NA,3,9
AL,Pesca de Merluza,2015-03-09T00:00:00Z,09032015/AL/2,20,50,70,2015,NA,NA,3,9
AL,Pesca de Merluza,2015-03-10T00:00:00Z,10032015/AL/3,300,150,450,2015,NA,NA,3,10
AL,Pesca de Merluza,2015-03-10T00:00:00Z,10032015/AL/4,200,80,280,2015,NA,NA,3,10
AL,Pesca de Merluza,2015-03-10T00:00:00Z,10032015/AL/5,50,30,80,2015,NA,NA,3,10
AL,Pesca de Merluza,2015-03-10T00:00:00Z,10032015/AL/6,30,10,40,2015,NA,NA,3,10
AL,Pesca de Merluza,2015-03-11T00:00:00Z,11032015/AL/7,50,25,75,2015,NA,NA,3,11
AL,Pesca de Merluza,2015-03-11T00:00:00Z,11032015/AL/8,250,30,280,2015,NA,NA,3,11
AL,Pesca de Merluza,2015-03-11T00:00:00Z,11032015/AL/9,25,15,40,2015,NA,NA,3,11
AL,Pesca de Merluza,2015-03-12T00:00:00Z,12032015/AL/10,250,40,290,2015,NA,NA,3,12
AL,Pesca de Merluza,2015-03-12T00:00:00Z,12032015/AL/11,NA,NA,NA,2015,NA,NA,3,12
AL,Pesca de Merluza,2015-03-12T00:00:00Z,12032015/AL/12,150,20,170,2015,NA,NA,3,12
SB,Pesca de Merluza,2015-03-07T00:00:00Z,07032015-SB-01,3370,150,3520,2015,NA,NA,3,7
SB,Pesca de Merluza,2015-03-07T00:00:00Z,07032015-sb-02,950,200,1150,2015,NA,NA,3,7
SB,Pesca de Merluza,2015-03-07T00:00:00Z,07032015-SB-03,2595,200,2795,2015,NA,NA,3,7
SB,Pesca de Merluza,2015-03-08T00:00:00Z,08032015-sb-04,520,50,570,2015,NA,NA,3,8
SB,Pesca de Merluza,2015-03-08T00:00:00Z,08032015-sb-05,1557,300,1857,2015,NA,NA,3,8
SB,Pesca de Merluza,2015-03-08T00:00:00Z,08032015-sb-06,430,150,580,2015,NA,NA,3,8
SB,Pesca de Merluza,2015-03-09T00:00:00Z,09032015-sb-07,605,200,805,2015,NA,NA,3,9
SB,Pesca de Merluza,2015-03-09T00:00:00Z,09032015-sb-08,2075,200,2275,2015,NA,NA,3,9
SB,Pesca de Merluza,2015-03-09T00:00:00Z,09032015-sb-09,2500,200,2700,2015,NA,NA,3,9
SB,Pesca de Merluza,2015-03-10T00:00:00Z,10032015-sb-10,1384,180,1564,2015,NA,NA,3,10
SB,Pesca de Merluza,2015-03-10T00:00:00Z,10032015-sb-11,950,100,1050,2015,NA,NA,3,10
SB,Pesca de Merluza,2015-03-10T00:00:00Z,10032015-sb-12,430,200,630,2015,NA,NA,3,10
SB,Pesca de Merluza,2015-03-11T00:00:00Z,11032015-sb-13,519,70,589,2015,NA,NA,3,11
SB,Pesca de Merluza,2015-03-11T00:00:00Z,11032015-sb-14,865,200,1065,2015,NA,NA,3,11
SB,Pesca de Merluza,2015-03-12T00:00:00Z,12032015-sb-15,1650,100,1750,2015,NA,NA,3,12
SB,Pesca de Merluza,2015-03-12T00:00:00Z,12032015-sb-16,2850,300,3150,2015,NA,NA,3,12
SB,Pesca de Merluza,2015-03-13T00:00:00Z,13032015-sb-17,1650,90,1740,2015,NA,NA,3,13
SB,Pesca de Merluza,2015-03-13T00:00:00Z,13032015-sb-18,1900,60,1960,2015,NA,NA,3,13
RR,Pesca de Merluza,2015-08-03T00:00:00Z,08032015/RR/01,50,50,NA,2015,NA,NA,8,3
RR,Pesca de Merluza,2015-08-03T00:00:00Z,08032015/RR/02,50,100,NA,2015,NA,NA,8,3
RR,Pesca de Merluza,2015-09-03T00:00:00Z,09032105/RR/03,150,50,NA,2015,NA,NA,9,3
RR,Pesca de Merluza,2015-09-03T00:00:00Z,09032015/RR/04,50,25,NA,2015,NA,NA,9,3
RR,Pesca de Merluza,2015-10-03T00:00:00Z,10032015/RR/05,100,25,NA,2015,NA,NA,10,3
RR,Pesca de Merluza,2015-10-03T00:00:00Z,10032015/RR/06,NA,4,NA,2015,NA,NA,10,3
RR,Pesca de Merluza,2015-11-03T00:00:00Z,11032015/RR/07,200,50,NA,2015,NA,NA,11,3
RR,Pesca de Merluza,2015-12-03T00:00:00Z,12032015/RR/08,250,100,NA,2015,NA,NA,12,3
RR,Pesca de Merluza,2015-12-03T00:00:00Z,12032015/RR/09,200,100,NA,2015,NA,NA,12,3
RR,Pesca de Merluza,2015-03-13T00:00:00Z,13032015/RR/10,650,100,NA,2015,NA,NA,3,13
RR,Pesca de Merluza,2015-03-13T00:00:00Z,13032015/RR/11,1250,100,NA,2015,NA,NA,3,13
RR,Pesca de Merluza,2015-03-15T00:00:00Z,15032015/RR/12,250,NA,NA,2015,NA,NA,3,15
RR,Pesca de Merluza,2015-03-15T00:00:00Z,15032015/RR/13,2000,200,NA,2015,NA,NA,3,15
RR,Pesca de Merluza,2015-03-16T00:00:00Z,16032015/RR/14,1850,NA,NA,2015,NA,NA,3,16
RR,Pesca de Merluza,2015-03-16T00:00:00Z,16032015/RR/15,150,50,NA,2015,NA,NA,3,16
RR,Pesca de Merluza,2015-03-16T00:00:00Z,16032015/RR/15,250,NA,NA,2015,NA,NA,3,16
SB,Pesca de Merluza,2015-03-17T00:00:00Z,17032015-sb-01,1038,60,1098,2015,NA,NA,3,17
SB,Pesca de Merluza,2015-03-17T00:00:00Z,17032015-sb-02,1557,70,1627,2015,NA,NA,3,17
SB,Pesca de Merluza,2015-03-18T00:00:00Z,18032015-sb-03,1645,25,1670,2015,NA,NA,3,18
SB,Pesca de Merluza,2015-03-18T00:00:00Z,18032015-sb-04,1384,30,1414,2015,NA,NA,3,18
SB,Pesca de Merluza,2015-03-19T00:00:00Z,19032015-sb-05,519,40,559,2015,NA,NA,3,19
SB,Pesca de Merluza,2015-03-19T00:00:00Z,19032015-sb-06,1557,50,1607,2015,NA,NA,3,19
SB,Pesca de Merluza,2015-03-20T00:00:00Z,20032015-sb-07,346,30,376,2015,NA,NA,3,20
SB,Pesca de Merluza,2015-03-20T00:00:00Z,20032015-sb-08,1300,50,1350,2015,NA,NA,3,20
SB,Pesca de Merluza,2015-03-21T00:00:00Z,21032015-sb-09,865,40,905,2015,NA,NA,3,21
SB,Pesca de Merluza,2015-03-21T00:00:00Z,21032015-sb-10,432,50,482,2015,NA,NA,3,21
SB,Pesca de Merluza,2015-03-22T00:00:00Z,22032015-sb-11,2250,100,2350,2015,NA,NA,3,22
SB,Pesca de Merluza,2015-03-22T00:00:00Z,22032015-sb-12,432,50,482,2015,NA,NA,3,22
SB,Pesca de Merluza,2015-03-22T00:00:00Z,22032015-sb-13,346,10,356,2015,NA,NA,3,22
SB,Pesca de Merluza,2015-03-23T00:00:00Z,23032015-sb-14,390,60,450,2015,NA,NA,3,23
SB,Pesca de Merluza,2015-03-23T00:00:00Z,23032015-SB-15,1470,150,1620,2015,NA,NA,3,23
SB,Pesca de Merluza,2015-03-24T00:00:00Z,24032015-sb-16,390,100,490,2015,NA,NA,3,24
SB,Pesca de Merluza,2015-03-24T00:00:00Z,24032015-sb-17,1600,120,1720,2015,NA,NA,3,24
DC,Pesca de Merluza,2015-03-17T00:00:00Z,NA,1500,50,1550,2015,NA,NA,3,17
DC,Pesca de Merluza,2015-03-17T00:00:00Z,NA,2500,50,2550,2015,NA,NA,3,17
DC,Pesca de Merluza,2015-03-17T00:00:00Z,NA,800,50,850,2015,NA,NA,3,17
DC,Pesca de Merluza,2015-03-18T00:00:00Z,NA,800,50,850,2015,NA,NA,3,18
DC,Pesca de Merluza,2015-03-18T00:00:00Z,NA,700,50,750,2015,NA,NA,3,18
DC,Pesca de Merluza,2015-03-18T00:00:00Z,NA,300,15,315,2015,NA,NA,3,18
DC,Pesca de Merluza,2015-03-19T00:00:00Z,NA,300,50,350,2015,NA,NA,3,19
DC,Pesca de Merluza,2015-03-19T00:00:00Z,NA,3600,600,4200,2015,NA,NA,3,19
DC,Pesca de Merluza,2015-03-20T00:00:00Z,NA,350,180,530,2015,NA,NA,3,20
DC,Pesca de Merluza,2015-03-20T00:00:00Z,NA,600,250,850,2015,NA,NA,3,20
DC,Pesca de Merluza,2015-03-20T00:00:00Z,NA,500,100,600,2015,NA,NA,3,20
DC,Pesca de Merluza,2015-03-21T00:00:00Z,NA,600,300,900,2015,NA,NA,3,21
DC,Pesca de Merluza,2015-03-21T00:00:00Z,NA,400,120,520,2015,NA,NA,3,21
DC,Pesca de Merluza,2015-03-21T00:00:00Z,NA,700,200,900,2015,NA,NA,3,21
DC,Pesca de Merluza,2015-03-22T00:00:00Z,NA,415,150,565,2015,NA,NA,3,22
DC,Pesca de Merluza,2015-03-22T00:00:00Z,NA,500,150,650,2015,NA,NA,3,22
DC,Pesca de Merluza,2015-03-23T00:00:00Z,NA,650,50,700,2015,NA,NA,3,23
DC,Pesca de Merluza,2015-03-23T00:00:00Z,NA,750,25,775,2015,NA,NA,3,23
DC,Pesca de Merluza,2015-03-24T00:00:00Z,NA,250,25,275,2015,NA,NA,3,24
RM,Pesca de Merluza,2016-02-10T00:00:00Z,10022016/RM/01,300,40,340,2016,NA,NA,2,10
RM,Pesca de Merluza,2016-02-10T00:00:00Z,10022016/RM/02,1680,150,1830,2016,NA,NA,2,10
RM,Pesca de Merluza,2016-02-11T00:00:00Z,11022016/RM/03,2820,180,3000,2016,NA,NA,2,11
RM,Pesca de Merluza,2016-02-11T00:00:00Z,11022016/RM/04,960,60,1020,2016,NA,NA,2,11
RM,Pesca de Merluza,2016-02-12T00:00:00Z,12022016/RM/05,3420,180,3600,2016,NA,NA,2,12
RM,Pesca de Merluza,2016-02-12T00:00:00Z,12022016/RM/06,3000,100,3100,2016,NA,NA,2,12
RM,Pesca de Merluza,2016-02-13T00:00:00Z,13022016/RM/07,2000,80,2080,2016,NA,NA,2,13
RM,Pesca de Merluza,2016-02-14T00:00:00Z,14022016/RM/08,3600,57,3657,2016,NA,NA,2,14
RM,Pesca de Merluza,2016-02-14T00:00:00Z,14022016/RM/09,600,30,630,2016,NA,NA,2,14
RM,Pesca de Merluza,2016-02-17T00:00:00Z,17022016/RM/01,1200,25,1225,2016,NA,NA,2,17
RM,Pesca de Merluza,2016-02-17T00:00:00Z,17022016/RM/02,1500,30,1530,2016,NA,NA,2,17
RM,Pesca de Merluza,2016-02-18T00:00:00Z,18022016/RM/03,1000,60,1060,2016,NA,NA,2,18
RM,Pesca de Merluza,2016-02-18T00:00:00Z,18022016/RM/04,3600,260,3860,2016,NA,NA,2,18
RM,Pesca de Merluza,2016-02-19T00:00:00Z,19022016/RM/05,1250,60,1310,2016,NA,NA,2,19
RM,Pesca de Merluza,2016-02-19T00:00:00Z,19022016/RM/06,1400,70,1470,2016,NA,NA,2,19
RM,Pesca de Merluza,2016-02-20T00:00:00Z,20022016/RM/07,600,20,620,2016,NA,NA,2,20
RM,Pesca de Merluza,2016-02-20T00:00:00Z,20022016/RM/08,2400,160,2560,2016,NA,NA,2,20
RM,Pesca de Merluza,2016-02-21T00:00:00Z,21022016/RM/09,240,15,255,2016,NA,NA,2,21
RM,Pesca de Merluza,2016-02-21T00:00:00Z,21022016/RM/10,200,25,225,2016,NA,NA,2,21
RM,Pesca de Merluza,2016-02-25T00:00:00Z,25022016/RM/01,180,6,186,2016,NA,NA,2,25
RM,Pesca de Merluza,2016-02-25T00:00:00Z,25022016/RM/02,900,33,933,2016,NA,NA,2,25
RM,Pesca de Merluza,2016-02-26T00:00:00Z,26022016/RM/03,180,15,195,2016,NA,NA,2,26
RM,Pesca de Merluza,2016-02-26T00:00:00Z,26022016/RM/04,910,90,1000,2016,NA,NA,2,26
RM,Pesca de Merluza,2016-02-28T00:00:00Z,28022016/RM/05,120,20,140,2016,NA,NA,2,28
RM,Pesca de Merluza,2016-02-28T00:00:00Z,28022016/RM/06,520,42,562,2016,NA,NA,2,28
RM,Pesca de Escama,2016-03-10T00:00:00Z,10032016/RM/01,250,90,340,2016,NA,NA,3,10
RM,Pesca de Escama,2016-03-10T00:00:00Z,10032016/RM/02,240,100,340,2016,NA,NA,3,10
OZ,Pesca de Merluza,2016-02-10T00:00:00Z,10022016/OZ/01/01,340,NA,340,2016,NA,NA,2,10
OZ,Pesca de Merluza,2016-02-10T00:00:00Z,10022016/OZ/01/02,120,10,130,2016,NA,NA,2,10
OZ,Pesca de Merluza,2016-02-10T00:00:00Z,10022016/OZ/01/03,710,NA,710,2016,NA,NA,2,10
OZ,Pesca de Merluza,2016-02-11T00:00:00Z,11022016/OZ/01/04,3500,25,3525,2016,NA,NA,2,11
OZ,Pesca de Merluza,2016-02-11T00:00:00Z,11022016/OZ/01/05,6090,20,6110,2016,NA,NA,2,11
OZ,Pesca de Merluza,2016-02-11T00:00:00Z,11022016/OZ/01/06,1690,10,1700,2016,NA,NA,2,11
OZ,Pesca de Merluza,2016-02-12T00:00:00Z,12022016/OZ/01/07,1050,0,1050,2016,NA,NA,2,12
OZ,Pesca de Merluza,2016-02-12T00:00:00Z,12022016/OZ/01/08,3080,50,3130,2016,NA,NA,2,12
OZ,Pesca de Merluza,2016-02-12T00:00:00Z,12022016/OZ/01/09,770,5,775,2016,NA,NA,2,12
OZ,Pesca de Merluza,2016-02-13T00:00:00Z,13022016/OZ/01/10,840,2,842,2016,NA,NA,2,13
OZ,Pesca de Merluza,2016-02-13T00:00:00Z,13022016/OZ/01/11,2170,3,2173,2016,NA,NA,2,13
OZ,Pesca de Merluza,2016-02-13T00:00:00Z,13022016/OZ/01/12,630,5,635,2016,NA,NA,2,13
OZ,Pesca de Merluza,2016-02-21T00:00:00Z,21022016/OZ/02/02,490,5,495,2016,NA,NA,2,21
OZ,Pesca de Merluza,2016-02-21T00:00:00Z,21022016/OZ/02/03,600,NA,600,2016,NA,NA,2,21
OZ,Pesca de Merluza,2016-02-22T00:00:00Z,22022016/OZ/02/04,420,5,425,2016,NA,NA,2,22
OZ,Pesca de Merluza,2016-02-22T00:00:00Z,22022016/OZ/02/05,360,NA,360,2016,NA,NA,2,22
OZ,Pesca de Merluza,2016-02-22T00:00:00Z,22022016/OZ/02/06,3500,0,3500,2016,NA,NA,2,22
OZ,Pesca de Merluza,2016-02-23T00:00:00Z,23022016/OZ/02/07,170,5,175,2016,NA,NA,2,23
OZ,Pesca de Merluza,2016-02-23T00:00:00Z,23022016/OZ/02/08,2250,10,2260,2016,NA,NA,2,23
OZ,Pesca de Merluza,2016-02-23T00:00:00Z,23022016/OZ/02/09,5200,148,5348,2016,NA,NA,2,23
OZ,Pesca de Merluza,2016-02-25T00:00:00Z,23022016/OZ/02/10,1470,3,1473,2016,NA,NA,2,25
OZ,Pesca de Merluza,2016-02-25T00:00:00Z,25022016/OZ/02/11,4760,10,4770,2016,NA,NA,2,25
OZ,Pesca de Merluza,2016-02-25T00:00:00Z,25022016/OZ/02/12,4200,50,4250,2016,NA,NA,2,25
OZ,Pesca de Merluza,2016-03-06T00:00:00Z,06032016/OZ/03/01,240,3,243,2016,NA,NA,3,6
OZ,Pesca de Merluza,2016-03-06T00:00:00Z,06032016/OZ/03/02,140,2,142,2016,NA,NA,3,6
OZ,Pesca de Merluza,2016-03-13T00:00:00Z,06032016/OZ/03/17,280,10,290,2016,NA,NA,3,13
JV,Pesca de merluza,2016-02-11T00:00:00Z,11022016/JV/01/01,360,8.712,368.712,2016,NA,NA,2,11
JV,Pesca de merluza,2016-02-11T00:00:00Z,11022016/JV/01/02,715,14,729,2016,NA,NA,2,11
JV,Pesca de merluza,2016-02-12T00:00:00Z,12022016/JV/01/03,1860,20,1880,2016,NA,NA,2,12
JV,Pesca de merluza,2016-02-12T00:00:00Z,12022016/JV/01/04,2820,103,2923,2016,NA,NA,2,12
JV,Pesca de merluza,2016-02-13T00:00:00Z,13022016/JV/01/06,1080,22,1102,2016,NA,NA,2,13
JV,Pesca de merluza,2016-02-13T00:00:00Z,13022016/JV/01/07,500,28,528,2016,NA,NA,2,13
JV,Pesca de merluza,2016-02-14T00:00:00Z,14022016/JV/01/08,1100,6,1106,2016,NA,NA,2,14
JV,Pesca de merluza,2016-02-14T00:00:00Z,14022016/JV/01/09,605,30,635,2016,NA,NA,2,14
JV,Pesca de merluza,2016-02-15T00:00:00Z,15022016/JV/01/10,1800,60,1860,2016,NA,NA,2,15
JV,Pesca de merluza,2016-02-15T00:00:00Z,15022016/JV/01/11,240,40,280,2016,NA,NA,2,15
JV,Pesca de merluza,2016-02-15T00:00:00Z,15022016/JV/01/12,780,30,810,2016,NA,NA,2,15
JV,Pesca de merluza,2016-02-16T00:00:00Z,16022016/JV/01/13,1020,29,1049,2016,NA,NA,2,16
JV,Pesca de merluza,2016-02-16T00:00:00Z,16022016/JV/01/14,2220,800,3020,2016,NA,NA,2,16
JV,Pesca de merluza,2016-02-16T00:00:00Z,16022016/JV/01/15,1020,35,1055,2016,NA,NA,2,16
JV,Pesca de merluza,2016-02-17T00:00:00Z,17022016/JV/01/16,0,0,0,2016,NA,NA,2,17
JV,Pesca de merluza,2016-02-17T00:00:00Z,17022016/JV/01/17,2100,46,2146,2016,NA,NA,2,17
JV,Pesca de merluza,2016-02-17T00:00:00Z,17022016/JV/01/18,780,50,830,2016,NA,NA,2,17
JV,Pesca de merluza,2016-02-25T00:00:00Z,25022016/JV/02/01,510,15,525,2016,NA,NA,2,25
JV,Pesca de merluza,2016-02-25T00:00:00Z,25022016/JV/02/02,3600,50,3650,2016,NA,NA,2,25
JV,Pesca de merluza,2016-02-26T00:00:00Z,26022016/JV/02/03,720,20,740,2016,NA,NA,2,26
JV,Pesca de merluza,2016-02-26T00:00:00Z,26022016/JV/02/04,750,24,774,2016,NA,NA,2,26
JV,Pesca de merluza,2016-02-27T00:00:00Z,27022016/JV/02/05,120,6,126,2016,NA,NA,2,27
JV,Pesca de merluza,2016-02-27T00:00:00Z,27022016/JV/02/06,60,6.5,66.5,2016,NA,NA,2,27
JV,Pesca de merluza,2016-03-28T00:00:00Z,28022016/JV/02/07,70,5,75,2016,NA,NA,3,28
JV,Pesca de merluza,2016-03-28T00:00:00Z,28022016/JV/02/08,4,1,5,2016,NA,NA,3,28
JV,Pesca de escama,2016-03-28T00:00:00Z,28022016/JV/02/09,3,0,3,2016,NA,NA,3,28
DL,Pesca de Merluza,2016-02-10T00:00:00Z,10022016/DL/01/01,140,60,200,2016,NA,NA,2,10
DL,Pesca de Merluza,2016-02-10T00:00:00Z,10022016/DL/01/02,300,200,500,2016,NA,NA,2,10
DL,Pesca de Merluza,2016-02-10T00:00:00Z,10022016/DL/01/03,250,100,350,2016,NA,NA,2,10
DL,Pesca de Merluza,2016-02-14T00:00:00Z,14022016/DL/02/01,100,5,105,2016,NA,NA,2,14
DL,Pesca de Merluza,2016-02-14T00:00:00Z,14022016/DL/02/02,2950,550,3500,2016,NA,NA,2,14
DL,Pesca de Merluza,2016-02-15T00:00:00Z,15022016/DL/02/03,3100,400,3500,2016,NA,NA,2,15
DL,Pesca de Merluza,2016-02-18T00:00:00Z,18022016/DL/03/01,800,20,820,2016,NA,NA,2,18
DL,Pesca de Merluza,2016-02-18T00:00:00Z,18022016/DL/03/02,4000,2500,6500,2016,NA,NA,2,18
DL,Pesca de Merluza,2016-02-19T00:00:00Z,19022016/DL/03/03,2200,1400,3600,2016,NA,NA,2,19
DL,Pesca de Merluza,2016-02-19T00:00:00Z,19022016/DL/03/04,2700,300,3000,2016,NA,NA,2,19
DL,Pesca de Merluza,2016-02-20T00:00:00Z,20022016/DL/03/05,715,285,1000,2016,NA,NA,2,20
DL,Pesca de Merluza,2016-02-20T00:00:00Z,20022016/DL/03/06,1920,820,2740,2016,NA,NA,2,20
DL,Pesca de Merluza,2016-02-21T00:00:00Z,21022016/DL/03/07,130,30,160,2016,NA,NA,2,21
DL,Pesca de Merluza,2016-02-21T00:00:00Z,21022016/DL/03/08,65,55,120,2016,NA,NA,2,21
DL,Pesca de Merluza,2016-02-27T00:00:00Z,27022016/DL/04/01,650,30,680,2016,NA,NA,2,27
DL,Pesca de Merluza,2016-02-28T00:00:00Z,28022016/DL/04/02,180,5,185,2016,NA,NA,2,28
DL,Pesca de Merluza,2016-02-28T00:00:00Z,28022016/DL/04/03,190,5,195,2016,NA,NA,2,28
DL,Pesca de Merluza,2016-02-28T00:00:00Z,28022016/DL/04/04,150,100,250,2016,NA,NA,2,28
DL,Pesca de Merluza,2016-02-29T00:00:00Z,29022016/DL/04/05,480,150,630,2016,NA,NA,2,29
DL,Pesca de Merluza,2016-02-29T00:00:00Z,29022016/DL/04/06,900,190,1090,2016,NA,NA,2,29
DL,Pesca de Merluza,2016-03-01T00:00:00Z,01032016/DL/04/07,180,50,230,2016,NA,NA,3,1
DL,Pesca de Merluza,2016-03-01T00:00:00Z,01032016/DL/04/08,80,2,82,2016,NA,NA,3,1
DL,Pesca de Merluza,2016-03-10T00:00:00Z,10032016/DL/05/01,40,10,50,2016,NA,NA,3,10
DL,Pesca de Merluza,2016-03-10T00:00:00Z,10032016/DL/05/02,30,5,35,2016,NA,NA,3,10
DL,Pesca de Merluza,2016-03-10T00:00:00Z,10032016/DL/05/03,35,0,35,2016,NA,NA,3,10
DL,Pesca de Merluza,2016-03-11T00:00:00Z,11032016/DL/05/04,345,230,575,2016,NA,NA,3,11
DL,Pesca de Merluza,2016-03-11T00:00:00Z,11032016/DL/05/05,130,10,140,2016,NA,NA,3,11
DL,Pesca de Merluza,2016-03-12T00:00:00Z,12032016/DL/05/06,0,0,0,2016,NA,NA,3,12
DL,Pesca de Merluza,2016-03-12T00:00:00Z,12032016/DL/05/07,80,50,130,2016,NA,NA,3,12
DL,Pesca de Merluza,2016-03-12T00:00:00Z,12032016/DL/05/08,110,60,170,2016,NA,NA,3,12
DL,Pesca de Merluza,2016-03-12T00:00:00Z,12032016/DL/05/09,230,70,300,2016,NA,NA,3,12
DL,Pesca de Merluza,2016-03-13T00:00:00Z,13032016/DL/05/10,40,80,120,2016,NA,NA,3,13
DL,Pesca de Merluza,2016-03-13T00:00:00Z,13032016/DL/05/12,440,200,640,2016,NA,NA,3,13
DL,Pesca de Merluza,2016-03-13T00:00:00Z,13032016/DL/05/13,45,35,80,2016,NA,NA,3,13
DL,Pesca de Merluza,2016-03-14T00:00:00Z,14032016/DL/05/14,10,7,17,2016,NA,NA,3,14
DL,Pesca de Merluza,2016-03-14T00:00:00Z,14032016/DL/05/15,425,375,800,2016,NA,NA,3,14
DL,Pesca de Merluza,2016-03-14T00:00:00Z,14032016/DL/05/16,150,100,250,2016,NA,NA,3,14
DL,Pesca de Merluza,2016-03-15T00:00:00Z,15032016/DL/05/17,80,40,120,2016,NA,NA,3,15
DL,Pesca de Merluza,2016-03-15T00:00:00Z,15032016/DL/05/18,80,10,90,2016,NA,NA,3,15
DL,Pesca de Merluza,2016-03-16T00:00:00Z,16032016/DL/05/19,25,5,30,2016,NA,NA,3,16
DL,Pesca de Merluza,2016-03-16T00:00:00Z,16032016/DL/05/20,40,25,65,2016,NA,NA,3,16
DL,Pesca de Merluza,2016-03-16T00:00:00Z,16032016/DL/05/21,30,0,30,2016,NA,NA,3,16
JP,Merluza,2017-02-11T00:00:00Z,NA,700,300,1000,2017,NA,NA,2,11
JP,Merluza,2017-02-15T00:00:00Z,NA,1300,700,2000,2017,NA,NA,2,15
JP,Merluza,2017-02-16T00:00:00Z,NA,1200,800,2000,2017,NA,NA,2,16
JP,Merluza,2017-02-21T00:00:00Z,NA,550,200,750,2017,NA,NA,2,21
JP,Merluza,2017-02-23T00:00:00Z,NA,NA,NA,0,2017,NA,NA,2,23
JP,Merluza,2017-03-14T00:00:00Z,NA,100,30,130,2017,NA,NA,3,14
JP,Merluza,2017-02-09T00:00:00Z,NA,1300,400,1700,2017,NA,NA,2,9
JP,Merluza,2017-02-03T00:00:00Z,NA,12000,NA,12000,2017,NA,NA,2,3
JP,Merluza,2017-01-31T00:00:00Z,NA,1300,NA,1300,2017,NA,NA,1,31
JP,Merluza,2017-02-07T00:00:00Z,NA,3100,500,3600,2017,NA,NA,2,7
JP,Merluza,2017-02-08T00:00:00Z,NA,650,500,1150,2017,NA,NA,2,8
JP,Merluza,2017-02-15T00:00:00Z,NA,100,100,200,2017,NA,NA,2,15
JP,Merluza,2017-01-31T00:00:00Z,NA,2800,NA,2800,2017,NA,NA,1,31
JP,Merluza,2017-02-01T00:00:00Z,NA,500,NA,500,2017,NA,NA,2,1
JP,Merluza,2017-02-02T00:00:00Z,NA,1400,NA,1400,2017,NA,NA,2,2
JP,Merluza,2017-02-22T00:00:00Z,NA,700,200,900,2017,NA,NA,2,22
JP,Merluza,2017-01-31T00:00:00Z,NA,300,NA,300,2017,NA,NA,1,31
JP,Merluza,2017-02-01T00:00:00Z,NA,800,NA,800,2017,NA,NA,2,1
JP,Merluza,2017-02-02T00:00:00Z,NA,2450,NA,2450,2017,NA,NA,2,2
JP,Merluza,2017-02-02T00:00:00Z,NA,2350,NA,2350,2017,NA,NA,2,2
JP,Merluza,2017-02-08T00:00:00Z,NA,3000,1000,4000,2017,NA,NA,2,8
JP,Merluza,2017-02-10T00:00:00Z,NA,750,80,830,2017,NA,NA,2,10
JP,Merluza,2017-02-21T00:00:00Z,NA,850,200,1050,2017,NA,NA,2,21
JP,Merluza,2017-02-23T00:00:00Z,NA,350,100,450,2017,NA,NA,2,23
JP,Merluza,2017-02-24T00:00:00Z,NA,1500,400,1900,2017,NA,NA,2,24
CGP,Merluza,2017-02-05T00:00:00Z,NA,1800,800,2600,2017,NA,NA,2,5
JP,Merluza,2017-02-24T00:00:00Z,NA,1550,500,2050,2017,NA,NA,2,24
CGP,Merluza,2017-02-15T00:00:00Z,NA,350,200,550,2017,NA,NA,2,15
CGP,Merluza,2017-02-14T00:00:00Z,NA,300,140,440,2017,NA,NA,2,14
CGP,Merluza,2017-02-15T00:00:00Z,NA,1250,500,1750,2017,NA,NA,2,15
CGP,Merluza,2017-03-04T00:00:00Z,NA,130,70,200,2017,NA,NA,3,4
CGP,Merluza,2017-01-31T00:00:00Z,NA,495,110,605,2017,NA,NA,1,31
CGP,Merluza,2017-02-06T00:00:00Z,NA,3500,2000,5500,2017,NA,NA,2,6
JP,Merluza,2017-02-06T00:00:00Z,NA,100,100,200,2017,NA,NA,2,6
JP,Merluza,2017-02-06T00:00:00Z,NA,500,50,550,2017,NA,NA,2,6
JP,Merluza,2017-02-06T00:00:00Z,NA,400,100,500,2017,NA,NA,2,6
JP,Merluza,2017-02-07T00:00:00Z,NA,1800,1000,2800,2017,NA,NA,2,7
JP,Merluza,2017-02-11T00:00:00Z,NA,1000,400,1400,2017,NA,NA,2,11
JP,Merluza,2017-02-16T00:00:00Z,NA,0,0,0,2017,NA,NA,2,16
JP,Merluza,2017-02-22T00:00:00Z,NA,1500,400,1900,2017,NA,NA,2,22
JP,Merluza,2017-03-04T00:00:00Z,NA,450,300,750,2017,NA,NA,3,4
JP,Merluza,2017-03-04T00:00:00Z,NA,20,5,25,2017,NA,NA,3,4
JP,Merluza,2017-03-05T00:00:00Z,NA,350,100,450,2017,NA,NA,3,5
CGP,Merluza,2017-02-21T00:00:00Z,NA,50,20,70,2017,NA,NA,2,21
CGP,Merluza,2017-02-01T00:00:00Z,NA,1500,700,2200,2017,NA,NA,2,1
CGP,Merluza,2017-02-02T00:00:00Z,NA,1500,700,2200,2017,NA,NA,2,2
CGP,Merluza,2017-02-20T00:00:00Z,NA,750,300,1050,2017,NA,NA,2,20
CGP,Merluza,2017-02-16T00:00:00Z,NA,450,400,850,2017,NA,NA,2,16
CGP,Merluza,2017-02-06T00:00:00Z,NA,1500,700,2200,2017,NA,NA,2,6
CGP,Merluza,2017-02-04T00:00:00Z,NA,950,400,1350,2017,NA,NA,2,4
CGP,Merluza,2017-02-08T00:00:00Z,NA,1300,700,2000,2017,NA,NA,2,8
CGP,Merluza,2017-01-31T00:00:00Z,NA,650,180,830,2017,NA,NA,1,31
CGP,Merluza,2017-01-31T00:00:00Z,NA,6500,2500,9000,2017,NA,NA,1,31
CGP,Merluza,2017-02-02T00:00:00Z,NA,550,150,700,2017,NA,NA,2,2
CGP,Merluza,2017-02-07T00:00:00Z,NA,500,350,850,2017,NA,NA,2,7
CGP,Merluza,2017-02-07T00:00:00Z,NA,1000,500,1500,2017,NA,NA,2,7
CGP,Merluza,2017-02-05T00:00:00Z,NA,1600,600,2200,2017,NA,NA,2,5
JP,Merluza,2017-02-09T00:00:00Z,NA,1250,400,1650,2017,NA,NA,2,9
JP,Merluza,2017-03-05T00:00:00Z,NA,50,15,65,2017,NA,NA,3,5
JP,Merluza,2017-03-14T00:00:00Z,NA,180,50,230,2017,NA,NA,3,14
CGP,Merluza,2017-02-19T00:00:00Z,NA,15,10,25,2017,NA,NA,2,19
CGP,Merluza,2017-03-05T00:00:00Z,NA,500,200,700,2017,NA,NA,3,5
CGP,Merluza,2017-02-04T00:00:00Z,NA,1200,500,1700,2017,NA,NA,2,4
CGP,Merluza,2017-02-20T00:00:00Z,NA,60,30,90,2017,NA,NA,2,20
CGP,Merluza,2017-03-05T00:00:00Z,NA,600,350,950,2017,NA,NA,3,5
CGP,Merluza,2017-02-01T00:00:00Z,NA,400,80,480,2017,NA,NA,2,1
CGP,Merluza,2017-02-08T00:00:00Z,NA,750,300,1050,2017,NA,NA,2,8
CGP,Merluza,2017-02-14T00:00:00Z,NA,100,50,150,2017,NA,NA,2,14
CGP,Merluza,2017-03-04T00:00:00Z,NA,175,80,255,2017,NA,NA,3,4
CGP,Merluza,2017-03-15T00:00:00Z,NA,80,40,120,2017,NA,NA,3,15
CGP,Merluza,2017-03-17T00:00:00Z,NA,300,160,460,2017,NA,NA,3,17
CGP,Merluza,2017-02-02T00:00:00Z,NA,1850,650,2500,2017,NA,NA,2,2
CGP,Merluza,2017-02-04T00:00:00Z,NA,70,90,160,2017,NA,NA,2,4
CGP,Merluza,2017-02-05T00:00:00Z,NA,500,350,850,2017,NA,NA,2,5
CGP,Merluza,2017-02-21T00:00:00Z,NA,350,150,500,2017,NA,NA,2,21
CGP,Merluza,2017-03-04T00:00:00Z,NA,100,60,160,2017,NA,NA,3,4
CGP,Merluza,2017-03-18T00:00:00Z,NA,350,150,500,2017,NA,NA,3,18
CGP,Merluza,2017-03-15T00:00:00Z,NA,50,30,80,2017,NA,NA,3,15
CGP,Merluza,2017-03-16T00:00:00Z,NA,100,60,160,2017,NA,NA,3,16
CGP,Merluza,2017-03-17T00:00:00Z,NA,150,90,240,2017,NA,NA,3,17
CGP,Merluza,2017-02-07T00:00:00Z,NA,0,0,0,2017,NA,NA,2,7
LH,Merluza,2017-01-31T00:00:00Z,NA,1570,1046.6,2616.6,2017,NA,NA,1,31
LH,Merluza,2017-01-31T00:00:00Z,NA,1036,414,1450,2017,NA,NA,1,31
LH,Merluza,2017-01-31T00:00:00Z,NA,9000,3600,12600,2017,NA,NA,1,31
LH,Merluza,2017-02-01T00:00:00Z,NA,765,306,1071,2017,NA,NA,2,1
LH,Merluza,2017-02-01T00:00:00Z,NA,532,219,751,2017,NA,NA,2,1
LH,Merluza,2017-02-01T00:00:00Z,NA,6885,2754,9639,2017,NA,NA,2,1
LH,Merluza,2017-02-05T00:00:00Z,NA,1400,790,2190,2017,NA,NA,2,5
LH,Merluza,2017-02-05T00:00:00Z,NA,8892,3568,12460,2017,NA,NA,2,5
LH,Merluza,2017-02-06T00:00:00Z,NA,9120,3648,12768,2017,NA,NA,2,6
LH,Merluza,2017-02-06T00:00:00Z,NA,5548,2219,7767,2017,NA,NA,2,6
LH,Merluza,2017-02-06T00:00:00Z,NA,6840,2736,9576,2017,NA,NA,2,6
LH,Merluza,2017-02-09T00:00:00Z,NA,375,150,525,2017,NA,NA,2,9
LH,Merluza,2017-02-09T00:00:00Z,NA,975,390,1365,2017,NA,NA,2,9
LH,Merluza,2017-02-10T00:00:00Z,NA,225,90,315,2017,NA,NA,2,10
LH,Merluza,2017-02-10T00:00:00Z,NA,1875,750,2625,2017,NA,NA,2,10
LH,Merluza,2017-02-11T00:00:00Z,NA,375,150,525,2017,NA,NA,2,11
LH,Merluza,2017-02-11T00:00:00Z,NA,450,180,630,2017,NA,NA,2,11
LH,Merluza,2017-02-11T00:00:00Z,NA,1800,720,2520,2017,NA,NA,2,11
LH,Merluza,2017-02-14T00:00:00Z,NA,360,144,504,2017,NA,NA,2,14
LH,Merluza,2017-02-14T00:00:00Z,NA,2005,810,2815,2017,NA,NA,2,14
LH,Merluza,2017-02-15T00:00:00Z,NA,1350,540,1890,2017,NA,NA,2,15
LH,Merluza,2017-02-16T00:00:00Z,NA,600,240,840,2017,NA,NA,2,16
LH,Merluza,2017-02-16T00:00:00Z,NA,750,300,1050,2017,NA,NA,2,16
CGP,Merluza,2017-02-16T00:00:00Z,NA,700,400,1100,2017,NA,NA,2,16
LH,Merluza,2017-02-25T00:00:00Z,NA,650,260,910,2017,NA,NA,2,25
LH,Merluza,2017-03-03T00:00:00Z,NA,255,102,357,2017,NA,NA,3,3
LH,Merluza,2017-03-03T00:00:00Z,NA,420,168,588,2017,NA,NA,3,3
LH,Merluza,2017-03-04T00:00:00Z,NA,390,156,546,2017,NA,NA,3,4
LH,Merluza,2017-02-26T00:00:00Z,NA,1860,744,2604,2017,NA,NA,2,26
LH,Merluza,2017-02-26T00:00:00Z,NA,585,234,819,2017,NA,NA,2,26
LH,Merluza,2017-02-27T00:00:00Z,NA,360,144,504,2017,NA,NA,2,27
LH,Merluza,2017-02-27T00:00:00Z,NA,660,264,924,2017,NA,NA,2,27
LH,Merluza,2017-02-27T00:00:00Z,NA,585,234,819,2017,NA,NA,2,27
LH,Merluza,2017-02-28T00:00:00Z,NA,1065,426,1491,2017,NA,NA,2,28
LH,Merluza,2017-02-28T00:00:00Z,NA,570,228,798,2017,NA,NA,2,28
LH,Merluza,2017-03-01T00:00:00Z,NA,285,114,399,2017,NA,NA,3,1
CGP,Merluza,2017-02-06T00:00:00Z,NA,500,200,700,2017,NA,NA,2,6
JP,Merluza,2017-02-01T00:00:00Z,NA,200,NA,200,2017,NA,NA,2,1
JP,Merluza,2017-02-10T00:00:00Z,NA,140,60,200,2017,NA,NA,2,10
JP,Merluza,2017-02-23T00:00:00Z,NA,100,50,150,2017,NA,NA,2,23
JP,Merluza,2017-03-13T00:00:00Z,NA,180,100,280,2017,NA,NA,3,13
JP,Merluza,2017-03-13T00:00:00Z,NA,0,0,0,2017,NA,NA,3,13
CGP,Merluza,2017-02-20T00:00:00Z,NA,200,120,320,2017,NA,NA,2,20
CGP,Merluza,2017-03-15T00:00:00Z,NA,650,300,950,2017,NA,NA,3,15
CGP,Merluza,2017-02-19T00:00:00Z,NA,25,13,38,2017,NA,NA,2,19
CGP,Merluza,2017-02-14T00:00:00Z,NA,180,80,260,2017,NA,NA,2,14
CGP,Merluza,2017-02-15T00:00:00Z,NA,130,70,200,2017,NA,NA,2,15
CGP,Merluza,2017-03-06T00:00:00Z,NA,250,100,350,2017,NA,NA,3,6
CGP,Merluza,2017-03-06T00:00:00Z,NA,500,200,700,2017,NA,NA,3,6
CGP,Merluza,2017-03-19T00:00:00Z,NA,140,70,210,2017,NA,NA,3,19
CGP,Merluza,2017-03-16T00:00:00Z,NA,800,500,1300,2017,NA,NA,3,16
CGP,Merluza,2017-03-16T00:00:00Z,NA,20,10,30,2017,NA,NA,3,16
CGP,Merluza,2017-02-09T00:00:00Z,NA,1200,600,1800,2017,NA,NA,2,9
CGP,Merluza,2017-02-15T00:00:00Z,NA,175,80,255,2017,NA,NA,2,15
CGP,Merluza,2017-03-19T00:00:00Z,NA,150,80,230,2017,NA,NA,3,19
CGP,Merluza,2017-03-17T00:00:00Z,NA,150,80,230,2017,NA,NA,3,17
CGP,Merluza,2017-02-08T00:00:00Z,NA,1200,600,1800,2017,NA,NA,2,8
CGP,Merluza,2017-02-05T00:00:00Z,NA,600,250,850,2017,NA,NA,2,5
CGP,Merluza,2017-03-05T00:00:00Z,NA,200,60,260,2017,NA,NA,3,5
CGP,Merluza,2017-03-19T00:00:00Z,NA,60,40,100,2017,NA,NA,3,19
CGP,Merluza,2017-02-01T00:00:00Z,NA,250,70,320,2017,NA,NA,2,1
CGP,Merluza,2017-02-09T00:00:00Z,NA,1000,700,1700,2017,NA,NA,2,9
CGP,Merluza,2017-02-16T00:00:00Z,NA,360,150,510,2017,NA,NA,2,16
CGP,Merluza,2017-02-19T00:00:00Z,NA,40,30,70,2017,NA,NA,2,19
EA,Merluza,2017-02-03T00:00:00Z,NA,2500,1800,4300,2017,NA,NA,2,3
EA,Merluza,2017-02-03T00:00:00Z,NA,3000,2300,5300,2017,NA,NA,2,3
EA,Merluza,2017-02-03T00:00:00Z,NA,1000,500,1500,2017,NA,NA,2,3
EA,Merluza,2017-02-04T00:00:00Z,NA,560,400,960,2017,NA,NA,2,4
EA,Merluza,2017-02-04T00:00:00Z,NA,2800,1500,4300,2017,NA,NA,2,4
EA,Merluza,2017-02-04T00:00:00Z,NA,10500,4000,14500,2017,NA,NA,2,4
EA,Merluza,2017-02-08T00:00:00Z,NA,40,30,70,2017,NA,NA,2,8
EA,Merluza,2017-02-11T00:00:00Z,NA,140,100,240,2017,NA,NA,2,11
EA,Merluza,2017-02-11T00:00:00Z,NA,2800,1200,4000,2017,NA,NA,2,11
EA,Merluza,2017-02-11T00:00:00Z,NA,0,0,0,2017,NA,NA,2,11
EA,Merluza,2017-02-08T00:00:00Z,NA,100,50,150,2017,NA,NA,2,8
EA,Merluza,2017-02-08T00:00:00Z,NA,700,500,1200,2017,NA,NA,2,8
EA,Merluza,2017-02-09T00:00:00Z,NA,4900,3500,8400,2017,NA,NA,2,9
EA,Merluza,2017-02-09T00:00:00Z,NA,350,250,600,2017,NA,NA,2,9
EA,Merluza,2017-02-09T00:00:00Z,NA,210,120,330,2017,NA,NA,2,9
EA,Merluza,2017-02-10T00:00:00Z,NA,140,100,240,2017,NA,NA,2,10
EA,Merluza,2017-02-10T00:00:00Z,NA,420,200,620,2017,NA,NA,2,10
EA,Merluza,2017-02-10T00:00:00Z,NA,280,180,460,2017,NA,NA,2,10
EA,Merluza,2017-02-15T00:00:00Z,NA,560,300,860,2017,NA,NA,2,15
EA,Merluza,2017-02-21T00:00:00Z,NA,1050,500,1550,2017,NA,NA,2,21
EA,Merluza,2017-02-21T00:00:00Z,NA,770,350,1120,2017,NA,NA,2,21
EA,Merluza,2017-02-15T00:00:00Z,NA,1750,1200,2950,2017,NA,NA,2,15
EA,Merluza,2017-02-16T00:00:00Z,NA,560,400,960,2017,NA,NA,2,16
EA,Merluza,2017-02-16T00:00:00Z,NA,420,300,720,2017,NA,NA,2,16
EA,Merluza,2017-02-18T00:00:00Z,NA,140,100,240,2017,NA,NA,2,18
EA,Merluza,2017-02-19T00:00:00Z,NA,770,450,1220,2017,NA,NA,2,19
EA,Merluza,2017-02-19T00:00:00Z,NA,1120,600,1720,2017,NA,NA,2,19
EA,Merluza,2017-02-20T00:00:00Z,NA,560,450,1010,2017,NA,NA,2,20
EA,Merluza,2017-02-20T00:00:00Z,NA,910,500,1410,2017,NA,NA,2,20
EA,Merluza,2017-03-14T00:00:00Z,NA,560,300,860,2017,NA,NA,3,14
EA,Merluza,2017-03-15T00:00:00Z,NA,280,160,440,2017,NA,NA,3,15
EA,Merluza,2017-03-15T00:00:00Z,NA,420,220,640,2017,NA,NA,3,15
EA,Merluza,2017-03-11T00:00:00Z,NA,420,170,590,2017,NA,NA,3,11
EA,Merluza,2017-03-11T00:00:00Z,NA,490,200,690,2017,NA,NA,3,11
EA,Merluza,2017-03-12T00:00:00Z,NA,280,150,430,2017,NA,NA,3,12
EA,Merluza,2017-03-12T00:00:00Z,NA,240,140,380,2017,NA,NA,3,12
EA,Merluza,2017-03-12T00:00:00Z,NA,420,220,640,2017,NA,NA,3,12
EA,Merluza,2017-03-13T00:00:00Z,NA,910,400,1310,2017,NA,NA,3,13
EA,Merluza,2017-03-13T00:00:00Z,NA,560,300,860,2017,NA,NA,3,13
EA,Merluza,2017-03-14T00:00:00Z,NA,280,160,440,2017,NA,NA,3,14
DM,Merluza,2018-01-25T00:00:00Z,DM122018,70,0,70,2018,1,2,1,25
DM,Merluza,2018-01-25T00:00:00Z,DM132018,30,6,36,2018,1,3,1,25
DM,Merluza,2018-01-26T00:00:00Z,DM142018,350,NA,350,2018,1,4,1,26
DM,Merluza,2018-01-26T00:00:00Z,DM152018,425,NA,425,2018,1,5,1,26
DM,Merluza,2018-02-21T00:00:00Z,DM2112018,1200,NA,1200,2018,2,11,2,21
DM,Merluza,2018-02-21T00:00:00Z,DM2122018,480,NA,480,2018,2,12,2,21
DM,Merluza,2018-02-22T00:00:00Z,DM2132018,810,NA,810,2018,2,13,2,22
DM,Merluza,2018-02-22T00:00:00Z,DM2142018,420,70,490,2018,2,14,2,22
DM,Merluza,2018-02-23T00:00:00Z,DM2152018,1680,80,1760,2018,2,15,2,23
DM,Merluza,2018-02-23T00:00:00Z,DM2162018,1080,130,1210,2018,2,16,2,23
DM,Merluza,2018-02-23T00:00:00Z,DM2172018,780,NA,780,2018,2,17,2,23
DM,Merluza,2018-02-25T00:00:00Z,DM2182018,810,NA,810,2018,2,18,2,25
DM,Merluza,2018-02-18T00:00:00Z,DM282018,660,200,860,2018,2,8,2,18
DM,Merluza,2018-02-18T00:00:00Z,DM292018,960,200,1160,2018,2,9,2,18
JS,Merluza,2018-02-22T00:00:00Z,JS312018,60,25,85,2018,3,1,2,22
JS,Merluza,2018-02-23T00:00:00Z,JS322018,300,20,320,2018,3,2,2,23
JS,Merluza,2018-02-23T00:00:00Z,JS332018,2940,240,3180,2018,3,3,2,23
JS,Merluza,2018-02-23T00:00:00Z,JS342018,1260,300,1560,2018,3,4,2,23
JS,Merluza,2018-02-25T00:00:00Z,JS352018,810,120,930,2018,3,5,2,25
JS,Merluza,2018-02-26T00:00:00Z,JS362018,960,240,1200,2018,3,6,2,26
OA,Merluza,2018-01-25T00:00:00Z,OA112018,555,100,655,2018,1,1,1,25
OA,Merluza,2018-01-25T00:00:00Z,OA122018,275,80,355,2018,1,2,1,25
OA,Merluza,2018-01-26T00:00:00Z,OA132018,220,40,260,2018,1,3,1,26
DM,Merluza,2018-03-21T00:00:00Z,DM512018,250,20,270,2018,5,1,3,21
DM,Merluza,2018-03-21T00:00:00Z,DM522018,900,250,1150,2018,5,2,3,21
DM,Merluza,2018-03-21T00:00:00Z,DM532018,270,40,310,2018,5,3,3,21
DM,Merluza,2018-03-22T00:00:00Z,DM542018,480,30,510,2018,5,4,3,22
DM,Merluza,2018-03-22T00:00:00Z,DM552018,240,30,270,2018,5,5,3,22
DM,Merluza,2018-03-23T00:00:00Z,DM562018,540,60,600,2018,5,6,3,23
DM,Merluza,2018-03-23T00:00:00Z,DM572018,480,30,510,2018,5,7,3,23
DM,Merluza,2018-03-24T00:00:00Z,DM582018,960,120,1080,2018,5,8,3,24
DM,Merluza,2018-03-25T00:00:00Z,DM592018,1220,300,1520,2018,5,9,3,25
DM,Merluza,2018-03-25T00:00:00Z,DM5102018,600,120,720,2018,5,10,3,25
DM,Merluza,2018-03-26T00:00:00Z,DM5112018,960,90,1050,2018,5,11,3,26
DM,Merluza,2018-03-26T00:00:00Z,DM5122018,1380,200,1580,2018,5,12,3,26
FM,Merluza,2018-03-24T00:00:00Z,FM3192018,1000,300,1300,2018,3,19,3,24
FM,Merluza,2018-03-24T00:00:00Z,FM3202018,1320,300,1620,2018,3,20,3,24
FM,Merluza,2018-03-25T00:00:00Z,FM3212018,120,50,170,2018,3,21,3,25
FM,Merluza,2018-03-25T00:00:00Z,FM3222018,1680,200,1880,2018,3,22,3,25
FM,Merluza,2018-03-25T00:00:00Z,FM2232018,520,400,920,2018,3,23,3,25
OA,Merluza,2018-03-24T00:00:00Z,OA472018,460,80,540,2018,4,7,3,24
OA,Merluza,2018-03-24T00:00:00Z,OA482018,1380,220,1600,2018,4,8,3,24
OA,Merluza,2018-03-25T00:00:00Z,OA492018,1500,360,1860,2018,4,9,3,25
OA,Merluza,2018-03-25T00:00:00Z,OA4102018,780,120,900,2018,4,10,3,25
DM,Merluza,2018-02-14T00:00:00Z,DM212018,480,100,580,2018,2,1,2,14
DM,Merluza,2018-02-14T00:00:00Z,DM222018,360,100,460,2018,2,2,2,14
DM,Merluza,2018-03-08T00:00:00Z,DM3102018,1260,400,1660,2018,3,10,3,8
DM,Merluza,2018-03-08T00:00:00Z,DM3112018,1140,200,1340,2018,3,11,3,8
DM,Merluza,2018-03-06T00:00:00Z,DM372018,720,NA,720,2018,3,7,3,6
DM,Merluza,2018-03-07T00:00:00Z,DM382018,2400,400,2800,2018,3,8,3,7
DM,Merluza,2018-03-07T00:00:00Z,DM392018,1260,300,1560,2018,3,9,3,7
FM,Merluza,2018-02-14T00:00:00Z,FM1102018,480,70,550,2018,1,10,2,14
FM,Merluza,2018-02-14T00:00:00Z,FM1112018,280,100,380,2018,1,11,2,14
FM,Merluza,2018-02-09T00:00:00Z,FM112018,480,150,630,2018,1,1,2,9
FM,Merluza,2018-02-15T00:00:00Z,FM1122018,195,70,265,2018,1,12,2,15
FM,Merluza,2018-02-15T00:00:00Z,FM1132018,2595,1500,4095,2018,1,13,2,15
FM,Merluza,2018-02-09T00:00:00Z,FM122018,560,140,700,2018,1,2,2,9
FM,Merluza,2018-02-10T00:00:00Z,FM132018,80,30,110,2018,1,3,2,10
FM,Merluza,2018-02-10T00:00:00Z,FM142018,2460,150,2610,2018,1,4,2,10
FM,Merluza,2018-02-12T00:00:00Z,FM152018,900,200,1100,2018,1,5,2,12
FM,Merluza,2018-02-13T00:00:00Z,FM162018,1980,300,2280,2018,1,6,2,13
FM,Merluza,2018-02-13T00:00:00Z,FM172018,1560,500,2060,2018,1,7,2,13
FM,Merluza,2018-02-13T00:00:00Z,FM182018,180,20,200,2018,1,8,2,13
FM,Merluza,2018-02-14T00:00:00Z,FM192018,840,300,1140,2018,1,9,2,14
FM,Merluza,2018-03-09T00:00:00Z,FM282018,660,300,960,2018,2,8,3,9
FM,Merluza,2018-03-09T00:00:00Z,FM292018,3180,700,3880,2018,2,9,3,9
FM,Merluza,2018-03-10T00:00:00Z,FM2102018,1620,250,1870,2018,2,10,3,10
FM,Merluza,2018-03-10T00:00:00Z,FM2112018,1320,200,1520,2018,2,11,3,10
FM,Merluza,2018-03-10T00:00:00Z,FM2122018,744,400,1144,2018,2,12,3,10
FM,Merluza,2018-03-11T00:00:00Z,FM2132018,540,200,740,2018,2,13,3,11
FM,Merluza,2018-03-11T00:00:00Z,FM2142018,280,600,880,2018,2,14,3,11
FM,Merluza,2018-03-12T00:00:00Z,FM2152018,1080,500,1580,2018,2,15,3,12
FM,Merluza,2018-03-12T00:00:00Z,FM2162018,300,1200,1500,2018,2,16,3,12
FM,Merluza,2018-03-13T00:00:00Z,FM2172018,600,100,700,2018,2,17,3,13
FM,Merluza,2018-03-13T00:00:00Z,FM2182018,132,50,182,2018,2,18,3,13
JS,Merluza,2018-02-06T00:00:00Z,JS1102018,420,6,426,2018,1,10,2,6
JS,Merluza,2018-02-03T00:00:00Z,JS112018,200,4,204,2018,1,1,2,3
JS,Merluza,2018-02-03T00:00:00Z,JS122018,1500,240,1740,2018,1,2,2,3
JS,Merluza,2018-02-04T00:00:00Z,JS132018,1080,60,1140,2018,1,3,2,4
JS,Merluza,2018-02-04T00:00:00Z,JS142018,1920,240,2160,2018,1,4,2,4
JS,Merluza,2018-02-05T00:00:00Z,JS152018,2460,150,2610,2018,1,5,2,5
JS,Merluza,2018-02-05T00:00:00Z,JS162018,2340,120,2460,2018,1,6,2,5
JS,Merluza,2018-02-05T00:00:00Z,JS172018,1440,180,1620,2018,1,7,2,5
JS,Merluza,2018-02-06T00:00:00Z,JS182018,1440,120,1560,2018,1,8,2,6
JS,Merluza,2018-02-06T00:00:00Z,JS192018,1320,30,1350,2018,1,9,2,6
DM,Merluza,2018-01-30T00:00:00Z,DM1102018,1420,NA,1420,2018,1,10,1,30
DM,Merluza,2018-01-31T00:00:00Z,DM1112018,90,NA,90,2018,1,11,1,31
DM,Merluza,2018-01-31T00:00:00Z,DM1122018,1440,150,1590,2018,1,12,1,31
DM,Merluza,2018-01-31T00:00:00Z,DM1132018,480,150,630,2018,1,13,1,31
DM,Merluza,2018-02-01T00:00:00Z,DM1142018,6900,NA,6900,2018,1,14,2,1
DM,Merluza,2018-02-01T00:00:00Z,DM1152018,300,80,380,2018,1,15,2,1
DM,Merluza,2018-02-02T00:00:00Z,DM1162018,3800,80,3880,2018,1,16,2,2
DM,Merluza,2018-02-02T00:00:00Z,DM1172018,350,NA,350,2018,1,17,2,2
DM,Merluza,2018-01-30T00:00:00Z,DM192018,3180,100,3280,2018,1,9,1,30
DM,Merluza,2018-03-01T00:00:00Z,DM312018,900,NA,900,2018,3,1,3,1
DM,Merluza,2018-03-01T00:00:00Z,DM322018,960,70,1030,2018,3,2,3,1
DM,Merluza,2018-03-02T00:00:00Z,DM332018,690,100,790,2018,3,3,3,2
DM,Merluza,2018-03-02T00:00:00Z,DM342018,678,NA,678,2018,3,4,3,2
DM,Merluza,2018-03-03T00:00:00Z,DM352018,1380,100,1480,2018,3,5,3,3
DM,Merluza,2018-03-03T00:00:00Z,DM362018,720,NA,720,2018,3,6,3,3
FM,Merluza,2018-03-03T00:00:00Z,FM212018,15,40,55,2018,2,1,3,3
FM,Merluza,2018-03-06T00:00:00Z,FM222018,2640,800,3440,2018,2,2,3,6
FM,Merluza,2018-03-06T00:00:00Z,FM232018,2570,500,3070,2018,2,3,3,6
FM,Merluza,2018-03-07T00:00:00Z,FM242018,2160,1500,3660,2018,2,4,3,7
FM,Merluza,2018-03-07T00:00:00Z,FM252018,420,300,720,2018,2,5,3,7
FM,Merluza,2018-03-08T00:00:00Z,FM262018,2760,1800,4560,2018,2,6,3,8
FM,Merluza,2018-03-08T00:00:00Z,FM272018,400,700,1100,2018,2,7,3,8
JS,Merluza,2018-03-07T00:00:00Z,JS4102018,1320,480,1800,2018,4,10,3,7
JS,Merluza,2018-03-01T00:00:00Z,JS412018,480,60,540,2018,4,1,3,1
JS,Merluza,2018-03-02T00:00:00Z,JS422018,720,240,960,2018,4,2,3,2
JS,Merluza,2018-03-02T00:00:00Z,JS432018,600,300,900,2018,4,3,3,2
JS,Merluza,2018-03-02T00:00:00Z,JS442018,360,120,480,2018,4,4,3,2
JS,Merluza,2018-03-03T00:00:00Z,JS452018,60,6,66,2018,4,5,3,3
JS,Merluza,2018-03-03T00:00:00Z,JS462018,80,15,95,2018,4,6,3,3
JS,Merluza,2018-03-06T00:00:00Z,JS472018,840,120,960,2018,4,7,3,6
JS,Merluza,2018-03-06T00:00:00Z,JS482018,1440,600,2040,2018,4,8,3,6
JS,Merluza,2018-03-07T00:00:00Z,JS492018,3000,900,3900,2018,4,9,3,7
OA,Merluza,2018-02-04T00:00:00Z,OA212018,330,165,495,2018,2,1,2,4
OA,Merluza,2018-02-04T00:00:00Z,OA222018,880,330,1210,2018,2,2,2,4
OA,Merluza,2018-02-05T00:00:00Z,OA232018,220,55,275,2018,2,3,2,5
OA,Merluza,2018-02-05T00:00:00Z,OA242018,770,110,880,2018,2,4,2,5
OA,Merluza,2018-02-06T00:00:00Z,OA252018,800,95,895,2018,2,5,2,6
OA,Merluza,2018-02-06T00:00:00Z,OA262018,1265,200,1465,2018,2,6,2,6
DM,Merluza,2018-02-15T00:00:00Z,DM232018,480,76,556,2018,2,3,2,15
DM,Merluza,2018-02-16T00:00:00Z,DM242018,1140,200,1340,2018,2,4,2,16
DM,Merluza,2018-02-16T00:00:00Z,DM252018,3540,150,3690,2018,2,5,2,16
DM,Merluza,2018-02-17T00:00:00Z,DM262018,1560,100,1660,2018,2,6,2,17
DM,Merluza,2018-02-17T00:00:00Z,DM272018,940,70,1010,2018,2,7,2,17
FM,Merluza,2018-02-16T00:00:00Z,FM1142018,120,50,170,2018,1,14,2,16
FM,Merluza,2018-02-16T00:00:00Z,FM1152018,390,100,490,2018,1,15,2,16
FM,Merluza,2018-02-17T00:00:00Z,FM1162018,225,150,375,2018,1,16,2,17
FM,Merluza,2018-02-17T00:00:00Z,FM1172018,860,200,1060,2018,1,17,2,17
FM,Merluza,2018-02-17T00:00:00Z,FM1182018,345,100,445,2018,1,18,2,17
FM,Merluza,2018-02-18T00:00:00Z,FM1192018,150,30,180,2018,1,19,2,18
FM,Merluza,2018-02-18T00:00:00Z,FM1202018,170,50,220,2018,1,20,2,18
FM,Merluza,2018-02-21T00:00:00Z,FM1212018,150,50,200,2018,1,21,2,21
FM,Merluza,2018-02-21T00:00:00Z,FM1222018,2730,1000,3730,2018,1,22,2,21
FM,Merluza,2018-02-22T00:00:00Z,FM1232018,2520,500,3020,2018,1,23,2,22
FM,Merluza,2018-02-22T00:00:00Z,FM1242018,2040,300,2340,2018,1,24,2,22
JS,Merluza,2018-02-12T00:00:00Z,JS212018,2340,300,2640,2018,2,1,2,12
JS,Merluza,2018-02-13T00:00:00Z,JS222018,2040,480,2520,2018,2,2,2,13
JS,Merluza,2018-02-13T00:00:00Z,JS232018,1380,360,1740,2018,2,3,2,13
JS,Merluza,2018-02-13T00:00:00Z,JS242018,420,240,660,2018,2,4,2,13
JS,Merluza,2018-02-14T00:00:00Z,JS252018,840,180,1020,2018,2,5,2,14
JS,Merluza,2018-02-14T00:00:00Z,JS262018,840,240,1080,2018,2,6,2,14
JS,Merluza,2018-02-14T00:00:00Z,JS272018,1500,60,1560,2018,2,7,2,14
JS,Merluza,2018-02-15T00:00:00Z,JS282018,660,60,720,2018,2,8,2,15
FM,Merluza,2018-03-21T00:00:00Z,FM3112018,540,300,840,2018,3,11,3,21
FM,Merluza,2018-03-21T00:00:00Z,FM3122018,360,100,460,2018,3,12,3,21
FM,Merluza,2018-03-21T00:00:00Z,FM3132018,80,30,110,2018,3,13,3,21
FM,Merluza,2018-03-22T00:00:00Z,FM3142018,240,150,390,2018,3,14,3,22
FM,Merluza,2018-03-22T00:00:00Z,FM3152018,360,100,460,2018,3,15,3,22
FM,Merluza,2018-03-23T00:00:00Z,FM3162018,720,100,820,2018,3,16,3,23
FM,Merluza,2018-08-23T00:00:00Z,FM3172018,300,500,800,2018,3,17,8,23
FM,Merluza,2018-03-23T00:00:00Z,FM3182018,420,200,620,2018,3,18,3,23
JS,Merluza,2018-03-23T00:00:00Z,JS512018,660,180,840,2018,5,1,3,23
JS,Merluza,2018-03-24T00:00:00Z,JS532018,60,60,120,2018,5,3,3,24
JS,Merluza,2018-03-25T00:00:00Z,JS552018,900,240,1140,2018,5,5,3,25
JS,Merluza,2018-03-25T00:00:00Z,JS562018,480,120,600,2018,5,6,3,25
JS,Merluza,2018-03-26T00:00:00Z,JS572018,120,480,600,2018,5,7,3,26
JS,Merluza,2018-03-26T00:00:00Z,JS582018,120,20,140,2018,5,8,3,26
OA,Merluza,2018-03-21T00:00:00Z,OA412018,360,80,440,2018,4,1,3,21
OA,Merluza,2018-03-21T00:00:00Z,OA422018,300,80,380,2018,4,2,3,21
OA,Merluza,2018-03-22T00:00:00Z,OA432018,1380,400,1780,2018,4,3,3,22
OA,Merluza,2018-03-22T00:00:00Z,OA442018,600,250,850,2018,4,4,3,22
OA,Merluza,2018-03-23T00:00:00Z,OA452018,780,180,960,2018,4,5,3,23
OA,Merluza,2018-03-23T00:00:00Z,OA462018,960,110,1070,2018,4,6,3,23
JS,Merluza,2018-03-23T00:00:00Z,JS522018,2460,420,2880,2018,5,2,3,23
JS,Merluza,2018-03-24T00:00:00Z,JS542018,1500,360,1860,2018,5,4,3,24
EE,Merluza,2019-01-28T00:00:00Z,EE112019,4398.9,50,4448.9,2019,1,1,1,28
EE,Merluza,2019-01-28T00:00:00Z,EE122019,6113.25,70,6183.25,2019,1,2,1,28
EE,Merluza,2019-01-29T00:00:00Z,EE132019,2970,45,3015,2019,1,3,1,29
EE,Merluza,2019-01-29T00:00:00Z,EE142019,2805,55,2860,2019,1,4,1,29
EE,Merluza,2019-01-30T00:00:00Z,EE152019,990,45,1035,2019,1,5,1,30
EE,Merluza,2019-01-30T00:00:00Z,EE162019,2640,35,2675,2019,1,6,1,30
EE,Merluza,2019-01-31T00:00:00Z,EE172019,2640,65,2705,2019,1,7,1,31
EE,Merluza,2019-01-31T00:00:00Z,EE182019,1320,45,1365,2019,1,8,1,31
EE,Merluza,2019-02-01T00:00:00Z,EE192019,2970,40,3010,2019,1,9,2,1
EE,Merluza,2019-02-01T00:00:00Z,EE1102019,1237.5,30,1267.5,2019,1,10,2,1
EE,Merluza,2019-02-20T00:00:00Z,EE212019,846.4499999999999,90,936.4499999999999,2019,2,1,2,20
EE,Merluza,2019-02-20T00:00:00Z,EE222019,1237.5,80,1317.5,2019,2,2,2,20
EE,Merluza,2019-02-23T00:00:00Z,EE232019,198,80,278,2019,2,3,2,23
EE,Merluza,2019-02-23T00:00:00Z,EE242019,1089,60,1149,2019,2,4,2,23
EE,Merluza,2019-02-24T00:00:00Z,EE252019,693,50,743,2019,2,5,2,24
EE,Merluza,2019-02-24T00:00:00Z,EE262019,3300,50,3350,2019,2,6,2,24
EE,Merluza,2019-02-25T00:00:00Z,EE272019,2079,55,2134,2019,2,7,2,25
EE,Merluza,2019-02-25T00:00:00Z,EE282019,1089,80,1169,2019,2,8,2,25
EE,Merluza,2019-02-26T00:00:00Z,EE292019,990,40,1030,2019,2,9,2,26
EE,Merluza,2019-02-26T00:00:00Z,EE2102019,907.5,70,977.5,2019,2,10,2,26
EE,Merluza,2019-02-27T00:00:00Z,EE2112019,891,50,941,2019,2,11,2,27
EE,Merluza,2019-02-27T00:00:00Z,EE2122019,297,45,342,2019,2,12,2,27
EE,Merluza,2019-02-27T00:00:00Z,EE2132019,495,65,560,2019,2,13,2,27
EE,Merluza,2019-02-28T00:00:00Z,EE2142019,1584,90,1674,2019,2,14,2,28
EE,Merluza,2019-02-28T00:00:00Z,EE2152019,693,80,773,2019,2,15,2,28
JB,Merluza,2019-02-13T00:00:00Z,JB112019,1287,20,1307,2019,1,1,2,13
JB,Merluza,2019-02-13T00:00:00Z,JB122019,536.25,35,571.25,2019,1,2,2,13
JB,Merluza,2019-02-14T00:00:00Z,JB132019,1072.5,20,1092.5,2019,1,3,2,14
JB,Merluza,2019-02-14T00:00:00Z,JB142019,965.25,20,985.25,2019,1,4,2,14
JB,Merluza,2019-02-15T00:00:00Z,JB152019,321.75,40,361.75,2019,1,5,2,15
JB,Merluza,2019-02-15T00:00:00Z,JB162019,750.75,40,790.75,2019,1,6,2,15
JB,Merluza,2019-02-16T00:00:00Z,JB172019,321.75,45,366.75,2019,1,7,2,16
JB,Merluza,2019-02-16T00:00:00Z,JB182019,1394.25,30,1424.25,2019,1,8,2,16
JB,Merluza,2019-02-17T00:00:00Z,JB192019,2466.75,25,2491.75,2019,1,9,2,17
JB,Merluza,2019-02-17T00:00:00Z,JB1102019,2681.25,40,2721.25,2019,1,10,2,17
JB,Merluza,2019-02-18T00:00:00Z,JB1112019,1072.5,45,1117.5,2019,1,11,2,18
JB,Merluza,2019-02-18T00:00:00Z,JB1122019,214.5,40,254.5,2019,1,12,2,18
JB,Merluza,2019-02-26T00:00:00Z,JB212019,1042.965,15,1057.965,2019,2,1,2,26
JB,Merluza,2019-02-26T00:00:00Z,JB222019,1237.0049999999999,25,1262.0049999999999,2019,2,2,2,26
JB,Merluza,2019-02-26T00:00:00Z,JB232019,8.25,0,8.25,2019,2,3,2,26
JB,Merluza,2019-02-26T00:00:00Z,JB242019,8.25,0,8.25,2019,2,4,2,26
JB,Merluza,2019-02-27T00:00:00Z,JB252019,1115.3999999999999,10,1125.3999999999999,2019,2,5,2,27
JB,Merluza,2019-02-27T00:00:00Z,JB262019,1336.5,15,1351.5,2019,2,6,2,27
JB,Merluza,2019-02-27T00:00:00Z,JB272019,773.8499999999999,20,793.8499999999999,2019,2,7,2,27
JB,Merluza,2019-02-27T00:00:00Z,JB282019,400.95,25,425.95,2019,2,8,2,27
JB,Merluza,2019-02-28T00:00:00Z,JB292019,1577.3999999999999,15,1592.3999999999999,2019,2,9,2,28
JB,Merluza,2019-02-28T00:00:00Z,JB2102019,961.9499999999999,100,1061.9499999999998,2019,2,10,2,28
JB,Merluza,2019-02-28T00:00:00Z,JB2112019,1389.3,15,1404.3,2019,2,11,2,28
JS,Merluza,2019-02-10T00:00:00Z,JS112019,940.5,50,990.5,2019,1,1,2,10
JS,Merluza,2019-02-11T00:00:00Z,JS122019,99,0,99,2019,1,2,2,11
JS,Merluza,2019-02-13T00:00:00Z,JS132019,594,100,694,2019,1,3,2,13
JS,Merluza,2019-02-13T00:00:00Z,JS142019,577.5,0,577.5,2019,1,4,2,13
JS,Merluza,2019-02-14T00:00:00Z,JS152019,1089,400,1489,2019,1,5,2,14
JS,Merluza,2019-02-15T00:00:00Z,JS162019,660,350,1010,2019,1,6,2,15
JS,Merluza,2019-02-15T00:00:00Z,JS172019,1980,150,2130,2019,1,7,2,15
JS,Merluza,2019-02-15T00:00:00Z,JS182019,297,50,347,2019,1,8,2,15
JS,Merluza,2019-02-16T00:00:00Z,JS192019,990,200,1190,2019,1,9,2,16
JS,Merluza,2019-02-16T00:00:00Z,JS1102019,1386,100,1486,2019,1,10,2,16
JS,Merluza,2019-02-17T00:00:00Z,JS1112019,965.25,200,1165.25,2019,1,11,2,17
JS,Merluza,2019-02-17T00:00:00Z,JS1122019,1089,50,1139,2019,1,12,2,17
JS,Merluza,2019-02-25T00:00:00Z,JS212019,66,0,66,2019,2,1,2,25
JS,Merluza,2019-02-25T00:00:00Z,JS222019,396,0,396,2019,2,2,2,25
JS,Merluza,2019-02-26T00:00:00Z,JS232019,1584,200,1784,2019,2,3,2,26
JS,Merluza,2019-02-26T00:00:00Z,JS242019,924,50,974,2019,2,4,2,26
JS,Merluza,2019-02-26T00:00:00Z,JS252019,594,100,694,2019,2,5,2,26
JS,Merluza,2019-02-27T00:00:00Z,JS262019,396,30,426,2019,2,6,2,27
JS,Merluza,2019-02-27T00:00:00Z,JS272019,990,30,1020,2019,2,7,2,27
JS,Merluza,2019-02-28T00:00:00Z,JS282019,775.5,200,975.5,2019,2,8,2,28
LC,Merluza,2019-02-05T00:00:00Z,LC112019,0,0,0,2019,1,1,2,5
LC,Merluza,2019-02-05T00:00:00Z,LC122019,198,20,218,2019,1,2,2,5
LC,Merluza,2019-02-05T00:00:00Z,LC132019,412.5,50,462.5,2019,1,3,2,5
LC,Merluza,2019-02-06T00:00:00Z,LC142019,528,30,558,2019,1,4,2,6
LC,Merluza,2019-02-06T00:00:00Z,LC152019,132,10,142,2019,1,5,2,6
LC,Merluza,2019-02-06T00:00:00Z,LC162019,1650,80,1730,2019,1,6,2,6
LC,Merluza,2019-02-07T00:00:00Z,LC172019,297,20,317,2019,1,7,2,7
LC,Merluza,2019-02-07T00:00:00Z,LC182019,4455,50,4505,2019,1,8,2,7
LC,Merluza,2019-02-07T00:00:00Z,LC192019,297,20,317,2019,1,9,2,7
LC,Merluza,2019-02-08T00:00:00Z,LC1102019,412.5,10,422.5,2019,1,10,2,8
LC,Merluza,2019-02-08T00:00:00Z,LC1112019,297,10,307,2019,1,11,2,8
LC,Merluza,2019-02-09T00:00:00Z,LC1122019,66,5,71,2019,1,12,2,9
LC,Merluza,2019-02-09T00:00:00Z,LC1132019,1650,100,1750,2019,1,13,2,9
LC,Merluza,2019-02-09T00:00:00Z,LC1142019,825,50,875,2019,1,14,2,9
LC,Merluza,2019-02-10T00:00:00Z,LC1152019,3300,100,3400,2019,1,15,2,10
LC,Merluza,2019-02-10T00:00:00Z,LC1162019,1155,70,1225,2019,1,16,2,10
LC,Merluza,2019-03-13T00:00:00Z,LC212019,3135,20,3155,2019,2,1,3,13
EE,Merluza,2019-03-01T00:00:00Z,EE2162019,792,80,872,2019,2,16,3,1
EE,Merluza,2019-03-01T00:00:00Z,EE2172019,1485,100,1585,2019,2,17,3,1
EE,Merluza,2019-03-16T00:00:00Z,EE312019,2178,150,2328,2019,3,1,3,16
EE,Merluza,2019-03-16T00:00:00Z,EE322019,396,120,516,2019,3,2,3,16
EE,Merluza,2019-03-17T00:00:00Z,EE332019,297,15,312,2019,3,3,3,17
EE,Merluza,2019-03-18T00:00:00Z,EE352019,891,34,925,2019,3,5,3,18
EE,Merluza,2019-03-18T00:00:00Z,EE362019,3069,20,3089,2019,3,6,3,18
EE,Merluza,2019-03-19T00:00:00Z,EE382019,792,30,822,2019,3,8,3,19
EE,Merluza,2019-03-20T00:00:00Z,EE3102019,1188,90,1278,2019,3,10,3,20
EE,Merluza,2019-03-21T00:00:00Z,EE3112019,891,75,966,2019,3,11,3,21
EE,Merluza,2019-03-21T00:00:00Z,EE3122019,297,40,337,2019,3,12,3,21
EE,Merluza,2019-03-22T00:00:00Z,EE3132019,1386,70,1456,2019,3,13,3,22
EE,Merluza,2019-03-22T00:00:00Z,EE3142019,1188,50,1238,2019,3,14,3,22
EE,Merluza,2019-03-23T00:00:00Z,EE3152019,495,40,535,2019,3,15,3,23
EE,Merluza,2019-03-23T00:00:00Z,EE3162019,495,35,530,2019,3,16,3,23
EE,Merluza,2019-03-24T00:00:00Z,EE3172019,396,30,426,2019,3,17,3,24
EE,Merluza,2019-03-24T00:00:00Z,EE3182019,792,35,827,2019,3,18,3,24
EE,Merluza,2019-03-28T00:00:00Z,EE412019,2970,30,3000,2019,4,1,3,28
EE,Merluza,2019-03-28T00:00:00Z,EE422019,1485,35,1520,2019,4,2,3,28
EE,Merluza,2019-03-29T00:00:00Z,EE432019,363,50,413,2019,4,3,3,29
EE,Merluza,2019-03-29T00:00:00Z,EE442019,3762,70,3832,2019,4,4,3,29
EE,Merluza,2019-03-30T00:00:00Z,EE452019,2970,40,3010,2019,4,5,3,30
EE,Merluza,2019-03-30T00:00:00Z,EE462019,1980,35,2015,2019,4,6,3,30
EE,Merluza,2019-03-31T00:00:00Z,EE472019,1683,50,1733,2019,4,7,3,31
EE,Merluza,2019-03-31T00:00:00Z,EE482019,792,30,822,2019,4,8,3,31
JB,Merluza,2019-03-01T00:00:00Z,JB2122019,775.5,15,790.5,2019,2,12,3,1
JB,Merluza,2019-03-01T00:00:00Z,JB2132019,801.9,15,816.9,2019,2,13,3,1
JB,Merluza,2019-03-01T00:00:00Z,JB2142019,267.3,20,287.3,2019,2,14,3,1
JB,Merluza,2019-03-01T00:00:00Z,JB2152019,186.45,30,216.45,2019,2,15,3,1
JB,Merluza,2019-03-02T00:00:00Z,JB2162019,1202.85,10,1212.85,2019,2,16,3,2
JB,Merluza,2019-03-02T00:00:00Z,JB2172019,615.4499999999999,20,635.4499999999999,2019,2,17,3,2
JB,Merluza,2019-03-02T00:00:00Z,JB2182019,1150.05,10,1160.05,2019,2,18,3,2
JB,Merluza,2019-03-03T00:00:00Z,JB2192019,1310.1,15,1325.1,2019,2,19,3,3
JB,Merluza,2019-03-03T00:00:00Z,JB2202019,453.75,5,458.75,2019,2,20,3,3
JB,Merluza,2019-03-03T00:00:00Z,JB2212019,1093.95,5,1098.95,2019,2,21,3,3
JB,Merluza,2019-03-04T00:00:00Z,JB2222019,882.75,30,912.75,2019,2,22,3,4
JB,Merluza,2019-03-04T00:00:00Z,JB2232019,1395.8999999999999,35,1430.8999999999999,2019,2,23,3,4
JB,Merluza,2019-03-04T00:00:00Z,JB2242019,31.349999999999998,1,32.349999999999994,2019,2,24,3,4
JB,Merluza,2019-03-04T00:00:00Z,JB2252019,26.4,2,28.4,2019,2,25,3,4
JB,Merluza,2019-03-05T00:00:00Z,JB2262019,399.29999999999995,30,429.29999999999995,2019,2,26,3,5
JB,Merluza,2019-03-05T00:00:00Z,JB2272019,1389.3,25,1414.3,2019,2,27,3,5
JB,Merluza,2019-03-05T00:00:00Z,JB2282019,1093.95,15,1108.95,2019,2,28,3,5
JB,Merluza,2019-03-06T00:00:00Z,JB2292019,947.0999999999999,20,967.0999999999999,2019,2,29,3,6
JB,Merluza,2019-03-06T00:00:00Z,JB2302019,3265.35,60,3325.35,2019,2,30,3,6
JB,Merluza,2019-03-06T00:00:00Z,JB2312019,2131.7999999999997,50,2181.7999999999997,2019,2,31,3,6
JB,Merluza,2019-03-07T00:00:00Z,JB2322019,577.5,50,627.5,2019,2,32,3,7
JB,Merluza,2019-03-07T00:00:00Z,JB2332019,1270.5,30,1300.5,2019,2,33,3,7
JB,Merluza,2019-03-07T00:00:00Z,JB2342019,2079,30,2109,2019,2,34,3,7
JB,Merluza,2019-03-08T00:00:00Z,JB2352019,0,0,0,2019,2,35,3,8
JB,Merluza,2019-03-08T00:00:00Z,JB2362019,924,50,974,2019,2,36,3,8
JB,Merluza,2019-03-08T00:00:00Z,JB2372019,3326.3999999999996,130,3456.3999999999996,2019,2,37,3,8
JB,Merluza,2019-03-09T00:00:00Z,JB2382019,561,10,571,2019,2,38,3,9
JB,Merluza,2019-03-09T00:00:00Z,JB2392019,374.54999999999995,20,394.54999999999995,2019,2,39,3,9
JB,Merluza,2019-03-09T00:00:00Z,JB2402019,107.25,30,137.25,2019,2,40,3,9
JB,Merluza,2019-03-10T00:00:00Z,JB2412019,660,10,670,2019,2,41,3,10
JB,Merluza,2019-03-10T00:00:00Z,JB2422019,1684.6499999999999,10,1694.6499999999999,2019,2,42,3,10
JB,Merluza,2019-03-10T00:00:00Z,JB2432019,615.4499999999999,20,635.4499999999999,2019,2,43,3,10
JB,Merluza,2019-03-11T00:00:00Z,JB2442019,293.7,40,333.7,2019,2,44,3,11
JB,Merluza,2019-03-11T00:00:00Z,JB2452019,80.85,35,115.85,2019,2,45,3,11
JB,Merluza,2019-03-11T00:00:00Z,JB2462019,1069.2,40,1109.2,2019,2,46,3,11
JB,Merluza,2019-03-12T00:00:00Z,JB2472019,4620,20,4640,2019,2,47,3,12
JB,Merluza,2019-03-12T00:00:00Z,JB2482019,2656.5,15,2671.5,2019,2,48,3,12
JB,Merluza,2019-03-12T00:00:00Z,JB2492019,0,0,0,2019,2,49,3,12
JB,Merluza,2019-03-12T00:00:00Z,JB2502019,1270.5,10,1280.5,2019,2,50,3,12
JB,Merluza,2019-03-26T00:00:00Z,JB312019,125.39999999999999,10,135.39999999999998,2019,3,1,3,26
JB,Merluza,2019-03-26T00:00:00Z,JB322019,122.1,10,132.1,2019,3,2,3,26
JB,Merluza,2019-03-26T00:00:00Z,JB332019,849.75,10,859.75,2019,3,3,3,26
JB,Merluza,2019-03-27T00:00:00Z,JB342019,3234,120,3354,2019,3,4,3,27
JB,Merluza,2019-03-27T00:00:00Z,JB352019,3465,70,3535,2019,3,5,3,27
JB,Merluza,2019-03-27T00:00:00Z,JB362019,3927,200,4127,2019,3,6,3,27
JB,Merluza,2019-03-27T00:00:00Z,JB372019,6352.5,400,6752.5,2019,3,7,3,27
JB,Merluza,2019-03-28T00:00:00Z,JB382019,5775,80,5855,2019,3,8,3,28
JB,Merluza,2019-03-28T00:00:00Z,JB392019,6121.5,130,6251.5,2019,3,9,3,28
JB,Merluza,2019-03-28T00:00:00Z,JB3102019,4389,200,4589,2019,3,10,3,28
JB,Merluza,2019-03-29T00:00:00Z,JB3112019,3534.2999999999997,50,3584.2999999999997,2019,3,11,3,29
JB,Merluza,2019-03-29T00:00:00Z,JB3122019,615.4499999999999,10,625.4499999999999,2019,3,12,3,29
JB,Merluza,2019-03-29T00:00:00Z,JB3132019,4867.5,90,4957.5,2019,3,13,3,29
JB,Merluza,2019-03-29T00:00:00Z,JB3142019,2079,70,2149,2019,3,14,3,29
JB,Merluza,2019-03-30T00:00:00Z,JB3152019,882.75,40,922.75,2019,3,15,3,30
JB,Merluza,2019-03-30T00:00:00Z,JB3162019,2574,90,2664,2019,3,16,3,30
JB,Merluza,2019-03-30T00:00:00Z,JB3172019,933.9,50,983.9,2019,3,17,3,30
JB,Merluza,2019-03-30T00:00:00Z,JB3182019,1968.4499999999998,10,1978.4499999999998,2019,3,18,3,30
JB,Merluza,2019-03-31T00:00:00Z,JB3192019,900.9,25,925.9,2019,3,19,3,31
JB,Merluza,2019-03-31T00:00:00Z,JB3202019,3234,40,3274,2019,3,20,3,31
JB,Merluza,2019-03-31T00:00:00Z,JB3212019,1935.4499999999998,40,1975.4499999999998,2019,3,21,3,31
JB,Merluza,2019-03-31T00:00:00Z,JB3222019,1179.75,30,1209.75,2019,3,22,3,31
JS,Merluza,2019-03-01T00:00:00Z,JS292019,577.5,100,677.5,2019,2,9,3,1
JS,Merluza,2019-03-16T00:00:00Z,JS312019,2376,300,2676,2019,3,1,3,16
JS,Merluza,2019-03-16T00:00:00Z,JS322019,49.5,0,49.5,2019,3,2,3,16
JS,Merluza,2019-03-17T00:00:00Z,JS332019,2178,300,2478,2019,3,3,3,17
JS,Merluza,2019-03-17T00:00:00Z,JS342019,2970,400,3370,2019,3,4,3,17
JS,Merluza,2019-03-18T00:00:00Z,JS352019,2178,200,2378,2019,3,5,3,18
JS,Merluza,2019-03-18T00:00:00Z,JS362019,1320,100,1420,2019,3,6,3,18
JS,Merluza,2019-03-18T00:00:00Z,JS372019,24.75,0,24.75,2019,3,7,3,18
JS,Merluza,2019-03-19T00:00:00Z,JS382019,1386,150,1536,2019,3,8,3,19
JS,Merluza,2019-03-19T00:00:00Z,JS392019,2178,300,2478,2019,3,9,3,19
JS,Merluza,2019-03-23T00:00:00Z,JS412019,1287,150,1437,2019,4,1,3,23
JS,Merluza,2019-03-24T00:00:00Z,JS422019,198,250,448,2019,4,2,3,24
JS,Merluza,2019-03-24T00:00:00Z,JS432019,132,10,142,2019,4,3,3,24
JS,Merluza,2019-03-25T00:00:00Z,JS442019,5940,300,6240,2019,4,4,3,25
JS,Merluza,2019-03-25T00:00:00Z,JS452019,3861,150,4011,2019,4,5,3,25
JS,Merluza,2019-03-26T00:00:00Z,JS462019,1980,200,2180,2019,4,6,3,26
JS,Merluza,2019-03-26T00:00:00Z,JS472019,4158,300,4458,2019,4,7,3,26
JS,Merluza,2019-03-27T00:00:00Z,JS482019,4158,1000,5158,2019,4,8,3,27
JS,Merluza,2019-03-27T00:00:00Z,JS492019,924,100,1024,2019,4,9,3,27
JS,Merluza,2019-03-28T00:00:00Z,JS4102019,4158,300,4458,2019,4,10,3,28
JS,Merluza,2019-03-28T00:00:00Z,JS4112019,3168,300,3468,2019,4,11,3,28
JS,Merluza,2019-03-29T00:00:00Z,JS4122019,3267,400,3667,2019,4,12,3,29
LC,Merluza,2019-03-13T00:00:00Z,LC222019,4950,50,5000,2019,2,2,3,13
LC,Merluza,2019-03-14T00:00:00Z,LC232019,3135,50,3185,2019,2,3,3,14
LC,Merluza,2019-03-14T00:00:00Z,LC242019,1815,60,1875,2019,2,4,3,14
LC,Merluza,2019-03-15T00:00:00Z,LC252019,66,40,106,2019,2,5,3,15
LC,Merluza,2019-03-16T00:00:00Z,LC262019,2475,80,2555,2019,2,6,3,16
LC,Merluza,2019-03-16T00:00:00Z,LC272019,1155,100,1255,2019,2,7,3,16
LC,Merluza,2019-03-17T00:00:00Z,LC282019,610.5,60,670.5,2019,2,8,3,17
LC,Merluza,2019-03-17T00:00:00Z,LC292019,3217.5,140,3357.5,2019,2,9,3,17
LC,Merluza,2019-03-18T00:00:00Z,LC2102019,792,80,872,2019,2,10,3,18
LC,Merluza,2019-03-18T00:00:00Z,LC2112019,1782,80,1862,2019,2,11,3,18
LC,Merluza,2019-03-19T00:00:00Z,LC2122019,132,30,162,2019,2,12,3,19
LC,Merluza,2019-03-19T00:00:00Z,LC2132019,1897.5,15,1912.5,2019,2,13,3,19
LC,Merluza,2019-03-20T00:00:00Z,LC2142019,1287,30,1317,2019,2,14,3,20
LC,Merluza,2019-03-21T00:00:00Z,LC2152019,792,40,832,2019,2,15,3,21
EE,Merluza,2019-04-01T00:00:00Z,EE492019,1782,35,1817,2019,4,9,4,1
EE,Merluza,2019-04-01T00:00:00Z,EE4102019,792,45,837,2019,4,10,4,1
EE,Merluza,2019-04-02T00:00:00Z,EE4112019,495,20,515,2019,4,11,4,2
EE,Merluza,2019-04-02T00:00:00Z,EE4122019,891,40,931,2019,4,12,4,2
EE,Merluza,2019-04-03T00:00:00Z,EE4132019,693,30,723,2019,4,13,4,3
JB,Merluza,2019-04-01T00:00:00Z,JB3232019,1179.75,20,1199.75,2019,3,23,4,1
JB,Merluza,2019-04-01T00:00:00Z,JB3242019,1270.5,20,1290.5,2019,3,24,4,1
JB,Merluza,2019-04-01T00:00:00Z,JB3252019,2194.5,28,2222.5,2019,3,25,4,1
JB,Merluza,2019-04-01T00:00:00Z,JB3262019,2227.5,40,2267.5,2019,3,26,4,1
EE,Merluza,2019-03-17T00:00:00Z,EE342019,396,90,486,2019,3,4,3,17
EE,Merluza,2019-03-19T00:00:00Z,EE372019,1386,90,1476,2019,3,7,3,19
EE,Merluza,2019-03-19T00:00:00Z,EE392019,990,60,1050,2019,3,9,3,19
LC,Merluza,2019-03-21T00:00:00Z,LC2162019,792,40,832,2019,2,16,3,21
EH,Merluza,2020-02-28T00:00:00Z,EH212020,3630,0,3630,2020,2,1,2,28
EH,Merluza,2020-02-28T00:00:00Z,EH222020,6187.5,60,6247.5,2020,2,2,2,28
EH,Merluza,2020-02-29T00:00:00Z,EH232020,3630,150,3780,2020,2,3,2,29
EH,Merluza,2020-02-29T00:00:00Z,EH242020,495,600,1095,2020,2,4,2,29
EH,Merluza,2020-03-01T00:00:00Z,EH252020,2640,300,2940,2020,2,5,3,1
EH,Merluza,2020-03-01T00:00:00Z,EH262020,3052.5,800,3852.5,2020,2,6,3,1
EH,Merluza,2020-03-02T00:00:00Z,EH272020,4001.25,1500,5501.25,2020,2,7,3,2
EH,Merluza,2020-03-02T00:00:00Z,EH282020,1815,2000,3815,2020,2,8,3,2
EH,Merluza,2020-03-03T00:00:00Z,EH292020,4620,1000,5620,2020,2,9,3,3
EH,Merluza,2020-03-03T00:00:00Z,EH2102020,825,1000,1825,2020,2,10,3,3
EH,Merluza,2020-03-04T00:00:00Z,EH2112020,4950,1500,6450,2020,2,11,3,4
EE,Merluza,2020-02-19T00:00:00Z,EE3122020,3762,850,4612,2020,3,12,2,19
EH,Merluza,2020-03-20T00:00:00Z,EH312020,742.5,600,1342.5,2020,3,1,3,20
EE,Merluza,2020-03-25T00:00:00Z,EE5112020,544.5,40,584.5,2020,5,11,3,25
EE,Merluza,2020-02-08T00:00:00Z,EE262020,2673,8,2681,2020,2,6,2,8
EE,Merluza,2020-02-08T00:00:00Z,EE252020,990,15,1005,2020,2,5,2,8
EE,Merluza,2020-03-23T00:00:00Z,EE592020,2541,450,2991,2020,5,9,3,23
EE,Merluza,2020-03-21T00:00:00Z,EE542020,907.5,350,1257.5,2020,5,4,3,21
EE,Merluza,2020-03-12T00:00:00Z,EE412020,148.5,20,168.5,2020,4,1,3,12
EE,Merluza,2020-02-14T00:00:00Z,EE332020,693,10,703,2020,3,3,2,14
JP,Merluza,2020-02-09T00:00:00Z,JP242020,2887.5,5,2892.5,2020,2,4,2,9
JP,Merluza,2020-02-13T00:00:00Z,JP342020,1897.5,5,1902.5,2020,3,4,2,13
JP,Merluza,2020-02-12T00:00:00Z,JP312020,3580.5,1,3581.5,2020,3,1,2,12
JP,Merluza,2020-01-26T00:00:00Z,JP172020,2475,5,2480,2020,1,7,1,26
JD,Merluza,2020-03-15T00:00:00Z,JD512020,1377.75,700,2077.75,2020,5,1,3,15
JD,Merluza,2020-02-14T00:00:00Z,JD462020,9652.5,180,9832.5,2020,4,6,2,14
JD,Merluza,2020-02-13T00:00:00Z,JD432020,3003,70,3073,2020,4,3,2,13
JD,Merluza,2020-02-12T00:00:00Z,JD422020,9116.25,210,9326.25,2020,4,2,2,12
JD,Merluza,2020-02-08T00:00:00Z,JD352020,2681.25,25,2706.25,2020,3,5,2,8
JD,Merluza,2020-02-08T00:00:00Z,JD362020,1608.75,10,1618.75,2020,3,6,2,8
JD,Merluza,2020-02-07T00:00:00Z,JD332020,3217.5,20,3237.5,2020,3,3,2,7
JD,Merluza,2020-02-06T00:00:00Z,JD312020,4290,35,4325,2020,3,1,2,6
JD,Merluza,2020-02-06T00:00:00Z,JD322020,8580,120,8700,2020,3,2,2,6
JD,Merluza,2020-01-28T00:00:00Z,JD272020,2145,70,2215,2020,2,7,1,28
JD,Merluza,2020-01-28T00:00:00Z,JD282020,429,30,459,2020,2,8,1,28
JD,Merluza,2020-01-27T00:00:00Z,JD252020,5577,130,5707,2020,2,5,1,27
JD,Merluza,2020-01-26T00:00:00Z,JD242020,3324.75,70,3394.75,2020,2,4,1,26
JP,Merluza,2020-01-26T00:00:00Z,JP182020,8910,10,8920,2020,1,8,1,26
JD,Merluza,2020-03-21T00:00:00Z,JD5122020,1650,500,2150,2020,5,12,3,21
JP,Merluza,2020-02-06T00:00:00Z,JP222020,9009,2,9011,2020,2,2,2,6
JP,Merluza,2020-02-11T00:00:00Z,JP262020,1270.5,1,1271.5,2020,2,6,2,11
JP,Merluza,2020-02-06T00:00:00Z,JP212020,6600,1,6601,2020,2,1,2,6
JP,Merluza,2020-02-23T00:00:00Z,JP412020,231,0,231,2020,4,1,2,23
JP,Merluza,2020-02-12T00:00:00Z,JP322020,11550,10,11560,2020,3,2,2,12
JP,Merluza,2020-02-16T00:00:00Z,JP3132020,808.5,1,809.5,2020,3,13,2,16
JP,Merluza,2020-02-08T00:00:00Z,JP232020,5775,5,5780,2020,2,3,2,8
JP,Merluza,2020-02-13T00:00:00Z,JP352020,3300,2,3302,2020,3,5,2,13
JP,Merluza,2020-02-16T00:00:00Z,JP3122020,462,1,463,2020,3,12,2,16
JP,Merluza,2020-01-27T00:00:00Z,JP192020,1188,3,1191,2020,1,9,1,27
JP,Merluza,2020-02-23T00:00:00Z,JP422020,1617,10,1627,2020,4,2,2,23
EE,Merluza,2020-02-06T00:00:00Z,EE212020,1485,5,1490,2020,2,1,2,6
EE,Merluza,2020-02-06T00:00:00Z,EE222020,2475,10,2485,2020,2,2,2,6
JP,Merluza,2020-01-24T00:00:00Z,JP142020,5346,15,5361,2020,1,4,1,24
JP,Merluza,2020-01-23T00:00:00Z,JP122020,4702.5,10,4712.5,2020,1,2,1,23
JP,Merluza,2020-02-10T00:00:00Z,JP252020,2039.3999999999999,1,2040.3999999999999,2020,2,5,2,10
JP,Merluza,2020-01-25T00:00:00Z,JP162020,6600,10,6610,2020,1,6,1,25
JP,Merluza,2020-01-24T00:00:00Z,JP132020,4554,5,4559,2020,1,3,1,24
JP,Merluza,2020-01-23T00:00:00Z,JP112020,2079,5,2084,2020,1,1,1,23
EE,Merluza,2020-01-20T00:00:00Z,EE152020,3564,0,3564,2020,1,5,1,20
EE,Merluza,2020-01-19T00:00:00Z,EE132020,5544,0,5544,2020,1,3,1,19
EE,Merluza,2020-01-19T00:00:00Z,EE142020,3564,15,3579,2020,1,4,1,19
JP,Merluza,2020-01-25T00:00:00Z,JP152020,990,2,992,2020,1,5,1,25
EE,Merluza,2020-01-15T00:00:00Z,EE112020,1998.1499999999999,10,2008.1499999999999,2020,1,1,1,15
JP,Merluza,2020-02-13T00:00:00Z,JP362020,2541,2,2543,2020,3,6,2,13
LC,Merluza,2020-01-19T00:00:00Z,LC162020,3630,100,3730,2020,1,6,1,19
LC,Merluza,2020-01-17T00:00:00Z,LC142020,4743.75,50,4793.75,2020,1,4,1,17
LC,Merluza,2020-01-23T00:00:00Z,LC1142020,6624.75,120,6744.75,2020,1,14,1,23
JD,Merluza,2020-02-14T00:00:00Z,JD452020,2788.5,45,2833.5,2020,4,5,2,14
JD,Merluza,2020-02-13T00:00:00Z,JD442020,5898.75,90,5988.75,2020,4,4,2,13
JD,Merluza,2020-02-12T00:00:00Z,JD412020,1072.5,20,1092.5,2020,4,1,2,12
EE,Merluza,2020-02-07T00:00:00Z,EE232020,2277,10,2287,2020,2,3,2,7
JD,Merluza,2020-02-07T00:00:00Z,JD342020,6435,30,6465,2020,3,4,2,7
LC,Merluza,2020-01-21T00:00:00Z,LC1102020,1270.5,50,1320.5,2020,1,10,1,21
LC,Merluza,2020-01-23T00:00:00Z,LC1132020,3720.75,100,3820.75,2020,1,13,1,23
LC,Merluza,2020-01-22T00:00:00Z,LC1112020,4537.5,60,4597.5,2020,1,11,1,22
LC,Merluza,2020-01-21T00:00:00Z,LC192020,2722.5,80,2802.5,2020,1,9,1,21
LC,Merluza,2020-01-22T00:00:00Z,LC1122020,3192.75,40,3232.75,2020,1,12,1,22
LC,Merluza,2020-01-20T00:00:00Z,LC172020,6352.5,200,6552.5,2020,1,7,1,20
LC,Merluza,2020-01-16T00:00:00Z,LC122020,4991.25,100,5091.25,2020,1,2,1,16
LC,Merluza,2020-01-17T00:00:00Z,LC132020,5808,200,6008,2020,1,3,1,17
LC,Merluza,2020-01-20T00:00:00Z,LC182020,3448.5,100,3548.5,2020,1,8,1,20
LC,Merluza,2020-01-16T00:00:00Z,LC112020,2722.5,120,2842.5,2020,1,1,1,16
JP,Merluza,2020-02-12T00:00:00Z,JP332020,412.5,2,414.5,2020,3,3,2,12
JD,Merluza,2020-03-16T00:00:00Z,JD532020,907.5,750,1657.5,2020,5,3,3,16
JD,Merluza,2020-03-21T00:00:00Z,JD5132020,742.5,300,1042.5,2020,5,13,3,21
JD,Merluza,2020-03-19T00:00:00Z,JD592020,2590.5,300,2890.5,2020,5,9,3,19
JP,Merluza,2020-02-24T00:00:00Z,JP442020,693,200,893,2020,4,4,2,24
JD,Merluza,2020-01-27T00:00:00Z,JD262020,3217.5,85,3302.5,2020,2,6,1,27
JD,Merluza,2020-01-26T00:00:00Z,JD232020,3217.5,75,3292.5,2020,2,3,1,26
JD,Merluza,2020-01-25T00:00:00Z,JD212020,3003,120,3123,2020,2,1,1,25
JD,Merluza,2020-01-25T00:00:00Z,JD222020,2681.25,70,2751.25,2020,2,2,1,25
JD,Merluza,2020-01-22T00:00:00Z,JD192020,4290,145,4435,2020,1,9,1,22
JD,Merluza,2020-01-21T00:00:00Z,JD162020,2681.25,40,2721.25,2020,1,6,1,21
JD,Merluza,2020-01-21T00:00:00Z,JD172020,8580,180,8760,2020,1,7,1,21
JD,Merluza,2020-01-20T00:00:00Z,JD152020,3217.5,50,3267.5,2020,1,5,1,20
JD,Merluza,2020-01-19T00:00:00Z,JD122020,6435,50,6485,2020,1,2,1,19
JD,Merluza,2020-01-18T00:00:00Z,JD112020,2145,50,2195,2020,1,1,1,18
JD,Merluza,2020-01-22T00:00:00Z,JD182020,5362.5,120,5482.5,2020,1,8,1,22
JD,Merluza,2020-01-20T00:00:00Z,JD142020,8580,100,8680,2020,1,4,1,20
EE,Merluza,2020-01-18T00:00:00Z,EE122020,1998.1499999999999,0,1998.1499999999999,2020,1,2,1,18
JD,Merluza,2020-01-19T00:00:00Z,JD132020,2681.25,60,2741.25,2020,1,3,1,19
EE,Merluza,2020-03-22T00:00:00Z,EE562020,272.25,350,622.25,2020,5,6,3,22
JP,Merluza,2020-02-24T00:00:00Z,JP432020,577.5,20,597.5,2020,4,3,2,24
EE,Merluza,2020-03-16T00:00:00Z,EE4102020,1815,2500,4315,2020,4,10,3,16
EE,Merluza,2020-03-13T00:00:00Z,EE422020,4174.5,30,4204.5,2020,4,2,3,13
EE,Merluza,2020-02-18T00:00:00Z,EE3102020,4059,230,4289,2020,3,10,2,18
EE,Merluza,2020-03-15T00:00:00Z,EE482020,1724.25,2500,4224.25,2020,4,8,3,15
EE,Merluza,2020-02-16T00:00:00Z,EE372020,1089,40,1129,2020,3,7,2,16
EE,Merluza,2020-03-16T00:00:00Z,EE492020,544.5,500,1044.5,2020,4,9,3,16
EE,Merluza,2020-02-14T00:00:00Z,EE342020,3564,15,3579,2020,3,4,2,14
EE,Merluza,2020-02-15T00:00:00Z,EE362020,1089,20,1109,2020,3,6,2,15
EE,Merluza,2020-03-21T00:00:00Z,EE532020,1361.25,400,1761.25,2020,5,3,3,21
EE,Merluza,2020-03-20T00:00:00Z,EE522020,453.75,1000,1453.75,2020,5,2,3,20
EE,Merluza,2020-03-15T00:00:00Z,EE472020,2450.25,3000,5450.25,2020,4,7,3,15
EE,Merluza,2020-03-20T00:00:00Z,EE512020,2268.75,500,2768.75,2020,5,1,3,20
EE,Merluza,2020-02-16T00:00:00Z,EE382020,495,60,555,2020,3,8,2,16
EE,Merluza,2020-03-14T00:00:00Z,EE452020,1089,30,1119,2020,4,5,3,14
EE,Merluza,2020-03-13T00:00:00Z,EE432020,2722.5,30,2752.5,2020,4,3,3,13
EE,Merluza,2020-02-15T00:00:00Z,EE352020,2376,15,2391,2020,3,5,2,15
EE,Merluza,2020-02-07T00:00:00Z,EE242020,4356,30,4386,2020,2,4,2,7
EE,Merluza,2020-03-25T00:00:00Z,EE5122020,998.25,50,1048.25,2020,5,12,3,25
EE,Merluza,2020-02-20T00:00:00Z,EE3132020,990,300,1290,2020,3,13,2,20
EE,Merluza,2020-02-18T00:00:00Z,EE392020,990,180,1170,2020,3,9,2,18
EE,Merluza,2020-02-19T00:00:00Z,EE3112020,990,300,1290,2020,3,11,2,19
EE,Merluza,2020-03-22T00:00:00Z,EE552020,453.75,60,513.75,2020,5,5,3,22
EE,Merluza,2020-03-24T00:00:00Z,EE5102020,544.5,30,574.5,2020,5,10,3,24
EE,Merluza,2020-03-23T00:00:00Z,EE582020,635.25,10,645.25,2020,5,8,3,23
JD,Merluza,2020-03-17T00:00:00Z,JD552020,2392.5,2500,4892.5,2020,5,5,3,17
EE,Merluza,2020-03-14T00:00:00Z,EE462020,2087.25,2000,4087.25,2020,4,6,3,14
EE,Merluza,2020-02-13T00:00:00Z,EE322020,1980,0,1980,2020,3,2,2,13
EE,Merluza,2020-03-13T00:00:00Z,EE442020,24.75,5,29.75,2020,4,4,3,13
EE,Merluza,2020-03-27T00:00:00Z,EE5132020,1452,200,1652,2020,5,13,3,27
EE,Merluza,2020-03-23T00:00:00Z,EE572020,462,60,522,2020,5,7,3,23
EE,Merluza,2020-02-13T00:00:00Z,EE312020,792,10,802,2020,3,1,2,13
EH,Merluza,2020-03-21T00:00:00Z,EH342020,783.75,200,983.75,2020,3,4,3,21
JD,Merluza,2020-03-20T00:00:00Z,JD5102020,1567.5,500,2067.5,2020,5,10,3,20
JD,Merluza,2020-03-16T00:00:00Z,JD542020,742.5,1500,2242.5,2020,5,4,3,16
JD,Merluza,2020-03-15T00:00:00Z,JD522020,2145,1500,3645,2020,5,2,3,15
JD,Merluza,2020-03-19T00:00:00Z,JD582020,2887.5,300,3187.5,2020,5,8,3,19
JD,Merluza,2020-03-17T00:00:00Z,JD562020,2805,500,3305,2020,5,6,3,17
EH,Merluza,2020-03-21T00:00:00Z,EH332020,2598.75,600,3198.75,2020,3,3,3,21
EH,Merluza,2020-03-20T00:00:00Z,EH322020,618.75,150,768.75,2020,3,2,3,20
JD,Merluza,2020-03-18T00:00:00Z,JD572020,1237.5,300,1537.5,2020,5,7,3,18
JP,Merluza,2020-02-15T00:00:00Z,JP392020,1963.5,20,1983.5,2020,3,9,2,15
JP,Merluza,2020-02-15T00:00:00Z,JP3102020,924,0,924,2020,3,10,2,15
JP,Merluza,2020-02-15T00:00:00Z,JP3112020,693,1,694,2020,3,11,2,15
JP,Merluza,2020-02-14T00:00:00Z,JP372020,2425.5,2,2427.5,2020,3,7,2,14
JP,Merluza,2020-02-24T00:00:00Z,JP452020,693,500,1193,2020,4,5,2,24
JP,Merluza,2020-02-14T00:00:00Z,JP382020,4735.5,60,4795.5,2020,3,8,2,14
LC,Merluza,2020-01-19T00:00:00Z,LC152020,0,0,0,2020,1,5,1,19
JD,Merluza,2020-03-20T00:00:00Z,JD5112020,0,NA,0,2020,5,11,3,20
LG2,Merluza,2021-02-19T00:00:00Z,LG212021,1980,500,2480,2021,NA,NA,2,19
LG2,Merluza,2021-02-19T00:00:00Z,LG222021,990,300,1290,2021,NA,NA,2,19
LG2,Merluza,2021-02-20T00:00:00Z,LG232021,3180,300,3480,2021,NA,NA,2,20
LG2,Merluza,2021-02-20T00:00:00Z,LG242021,4200,500,4700,2021,NA,NA,2,20
LG2,Merluza,2021-02-22T00:00:00Z,LG252021,960,500,1460,2021,NA,NA,2,22
LG2,Merluza,2021-02-22T00:00:00Z,LG262021,3360,400,3760,2021,NA,NA,2,22
LG2,Merluza,2021-02-23T00:00:00Z,LG272021,1140,100,1240,2021,NA,NA,2,23
LG2,Merluza,2021-02-23T00:00:00Z,LG282021,960,300,1260,2021,NA,NA,2,23
LG2,Merluza,2021-02-24T00:00:00Z,LG292021,4680,0,4680,2021,NA,NA,2,24
LG2,Merluza,2021-02-24T00:00:00Z,LG2102021,2400,0,2400,2021,NA,NA,2,24
JG1,Merluza,2021-01-27T00:00:00Z,JG112021,100,50,150,2021,NA,NA,1,27
JG1,Merluza,2021-01-28T00:00:00Z,JG122021,2520,800,3320,2021,NA,NA,1,28
JG1,Merluza,2021-01-28T00:00:00Z,JG132021,7000,3860,10860,2021,NA,NA,1,28
JG1,Merluza,2021-01-30T00:00:00Z,JG142021,210,150,360,2021,NA,NA,1,30
JG1,Merluza,2021-01-30T00:00:00Z,JG152021,1820,1000,2820,2021,NA,NA,1,30
JG1,Merluza,2021-01-30T00:00:00Z,JG162021,770,100,870,2021,NA,NA,1,30
JG1,Merluza,2021-02-01T00:00:00Z,JG172021,6400,1800,8200,2021,NA,NA,2,1
JG1,Merluza,2021-02-01T00:00:00Z,JG182021,4600,4000,8600,2021,NA,NA,2,1
JD1,Merluza,2021-01-28T00:00:00Z,JD112021,11060,60,11120,2021,NA,NA,1,28
JD1,Merluza,2021-01-28T00:00:00Z,JD122021,5390,40,5430,2021,NA,NA,1,28
JD1,Merluza,2021-01-30T00:00:00Z,JD132021,2800,10,2810,2021,NA,NA,1,30
JD1,Merluza,2021-01-30T00:00:00Z,JD142021,1750,10,1760,2021,NA,NA,1,30
LG1,Merluza,2021-01-27T00:00:00Z,LG112021,1000,20,1020,2021,NA,NA,1,27
LG1,Merluza,2021-01-27T00:00:00Z,LG122021,1400,30,1430,2021,NA,NA,1,27
LG1,Merluza,2021-01-28T00:00:00Z,LG132021,4300,50,4350,2021,NA,NA,1,28
LG1,Merluza,2021-01-28T00:00:00Z,LG142021,11400,70,11470,2021,NA,NA,1,28
LG1,Merluza,2021-01-29T00:00:00Z,LG152021,6600,20,6620,2021,NA,NA,1,29
LG3,Merluza,2021-03-01T00:00:00Z,LG312021,5000,0,5000,2021,NA,NA,3,1
LG3,Merluza,2021-03-02T00:00:00Z,LG322021,10000,2000,12000,2021,NA,NA,3,2
LG3,Merluza,2021-03-02T00:00:00Z,LG332021,3000,4000,7000,2021,NA,NA,3,2
LG4,Merluza,2021-03-07T00:00:00Z,LG412021,240,0,240,2021,NA,NA,3,7
LG4,Merluza,2021-03-07T00:00:00Z,LG422021,780,200,980,2021,NA,NA,3,7
LG4,Merluza,2021-03-08T00:00:00Z,LG432021,1980,100,2080,2021,NA,NA,3,8
LG4,Merluza,2021-03-08T00:00:00Z,LG442021,540,300,840,2021,NA,NA,3,8
LG4,Merluza,2021-03-09T00:00:00Z,LG452021,3770,200,3970,2021,NA,NA,3,9
LG4,Merluza,2021-03-10T00:00:00Z,LG472021,4940,300,5240,2021,NA,NA,3,10
LG4,Merluza,2021-03-10T00:00:00Z,LG482021,520,100,620,2021,NA,NA,3,10
LG4,Merluza,2021-03-11T00:00:00Z,LG492021,2080,100,2180,2021,NA,NA,3,11
JG2,Merluza,2021-02-16T00:00:00Z,JG222021,4784,3000,7784,2021,NA,NA,2,16
JG2,Merluza,2021-02-17T00:00:00Z,JG232021,7700,5000,12700,2021,NA,NA,2,17
JG2,Merluza,2021-02-19T00:00:00Z,JG242021,1650,650,2300,2021,NA,NA,2,19
JG2,Merluza,2021-02-19T00:00:00Z,JG252021,2500,1000,3500,2021,NA,NA,2,19
JG2,Merluza,2021-02-20T00:00:00Z,JG262021,5500,4500,10000,2021,NA,NA,2,20
JG3,Merluza,2021-02-23T00:00:00Z,JG312021,1200,1000,2200,2021,NA,NA,2,23
JG3,Merluza,2021-02-23T00:00:00Z,JG322021,1600,2100,3700,2021,NA,NA,2,23
JG3,Merluza,2021-02-24T00:00:00Z,JG332021,2475,1400,3875,2021,NA,NA,2,24
JG3,Merluza,2021-02-24T00:00:00Z,JG342021,3190,5000,8190,2021,NA,NA,2,24
JG3,Merluza,2021-02-26T00:00:00Z,JG352021,1300,1000,2300,2021,NA,NA,2,26
JG3,Merluza,2021-02-26T00:00:00Z,JG362021,1600,2300,3900,2021,NA,NA,2,26
JG3,Merluza,2021-02-27T00:00:00Z,JG372021,2090,1500,3590,2021,NA,NA,2,27
JG3,Merluza,2021-02-27T00:00:00Z,JG382021,1485,2200,3685,2021,NA,NA,2,27
JG3,Merluza,2021-03-02T00:00:00Z,JG392021,800,1000,1800,2021,NA,NA,3,2
JG3,Merluza,2021-03-02T00:00:00Z,JG3102021,1100,1300,2400,2021,NA,NA,3,2
JD2,Merluza,2021-02-19T00:00:00Z,JD212021,1680,1200,2880,2021,NA,NA,2,19
JD2,Merluza,2021-02-19T00:00:00Z,JD222021,2220,1800,4020,2021,NA,NA,2,19
JD2,Merluza,2021-02-20T00:00:00Z,JD232021,1920,1080,3000,2021,NA,NA,2,20
JD2,Merluza,2021-02-20T00:00:00Z,JD242021,1980,1200,3180,2021,NA,NA,2,20
JD2,Merluza,2021-02-23T00:00:00Z,JD252021,1800,900,2700,2021,NA,NA,2,23
JD2,Merluza,2021-02-23T00:00:00Z,JD262021,3300,1200,4500,2021,NA,NA,2,23
JD2,Merluza,2021-02-24T00:00:00Z,JD272021,1740,900,2640,2021,NA,NA,2,24
JD2,Merluza,2021-02-24T00:00:00Z,JD282021,1920,840,2760,2021,NA,NA,2,24
JD3,Merluza,2021-03-08T00:00:00Z,JD312021,268,120,388,2021,NA,NA,3,8
JD3,Merluza,2021-03-08T00:00:00Z,JD322021,402,280,682,2021,NA,NA,3,8
JD3,Merluza,2021-03-09T00:00:00Z,JD332021,1206,600,1806,2021,NA,NA,3,9
JD3,Merluza,2021-03-09T00:00:00Z,JD342021,871,65,936,2021,NA,NA,3,9
JD3,Merluza,2021-03-10T00:00:00Z,JD352021,2680,400,3080,2021,NA,NA,3,10
JD3,Merluza,2021-03-10T00:00:00Z,JD362021,1210,950,2160,2021,NA,NA,3,10
JD3,Merluza,2021-03-11T00:00:00Z,JD372021,1139,850,1989,2021,NA,NA,3,11
JD3,Merluza,2021-03-11T00:00:00Z,JD382021,871,1200,2071,2021,NA,NA,3,11
JD3,Merluza,2021-03-12T00:00:00Z,JD392021,2010,700,2710,2021,NA,NA,3,12
JD3,Merluza,2021-03-12T00:00:00Z,JD3102021,3350,950,4300,2021,NA,NA,3,12
JD3,Merluza,2021-03-13T00:00:00Z,JD3112021,938,550,1488,2021,NA,NA,3,13
JD3,Merluza,2021-03-13T00:00:00Z,JD3122021,737,380,1117,2021,NA,NA,3,13
JD3,Merluza,2021-03-14T00:00:00Z,JD3132021,938,330,1268,2021,NA,NA,3,14
JD3,Merluza,2021-03-14T00:00:00Z,JD3142021,1608,550,2158,2021,NA,NA,3,14
JD4,Merluza,2021-04-09T00:00:00Z,JD412021,600,25,625,2021,NA,NA,4,9
JD4,Merluza,2021-04-09T00:00:00Z,JD422021,495,60,555,2021,NA,NA,4,9
JD4,Merluza,2021-04-10T00:00:00Z,JD432021,1920,40,1960,2021,NA,NA,4,10
JD4,Merluza,2021-04-10T00:00:00Z,JD442021,840,60,900,2021,NA,NA,4,10
JD4,Merluza,2021-04-11T00:00:00Z,JD452021,500,120,620,2021,NA,NA,4,11
JD4,Merluza,2021-04-11T00:00:00Z,JD462021,360,40,400,2021,NA,NA,4,11
JD4,Merluza,2021-04-11T00:00:00Z,JD472021,400,60,460,2021,NA,NA,4,11
JD4,Merluza,2021-04-12T00:00:00Z,JD482021,480,120,600,2021,NA,NA,4,12
JD4,Merluza,2021-04-12T00:00:00Z,JD492021,0,0,0,2021,NA,NA,4,12
JD4,Merluza,2021-04-13T00:00:00Z,JD4102021,300,50,350,2021,NA,NA,4,13
JD4,Merluza,2021-04-13T00:00:00Z,JD4112021,360,60,420,2021,NA,NA,4,13
JD4,Merluza,2021-04-14T00:00:00Z,JD4122021,480,140,620,2021,NA,NA,4,14
JD4,Merluza,2021-04-14T00:00:00Z,JD4132021,180,45,225,2021,NA,NA,4,14
JD4,Merluza,2021-04-15T00:00:00Z,JD4142021,360,60,420,2021,NA,NA,4,15
JD4,Merluza,2021-04-15T00:00:00Z,JD4152021,1800,350,2150,2021,NA,NA,4,15
AM,Merluza,2022-03-01T00:00:00Z,AM332022,4000,0,4000,2022,NA,NA,3,1
AM,Merluza,2022-03-02T00:00:00Z,AM352022,4000,0,4000,2022,NA,NA,3,2
AM,Merluza,2022-03-27T00:00:00Z,AM532022,1700,300,2000,2022,NA,NA,3,27
SC,Merluza,2022-02-09T00:00:00Z,SC232022,0,5000,5000,2022,NA,NA,2,9
SC,Merluza,2022-03-19T00:00:00Z,SC4122022,400,50,450,2022,NA,NA,3,19
SC,Merluza,2022-03-26T00:00:00Z,SC552022,350,20,370,2022,NA,NA,3,26
SC,Merluza,2022-03-25T00:00:00Z,SC512022,500,30,530,2022,NA,NA,3,25
AM,Merluza,2022-03-28T00:00:00Z,AM562022,1000,0,1000,2022,NA,NA,3,28
AM,Merluza,2022-03-28T00:00:00Z,AM572022,300,200,500,2022,NA,NA,3,28
SC,Merluza,2022-03-27T00:00:00Z,SC582022,240,30,270,2022,NA,NA,3,27
SC,Merluza,2022-03-26T00:00:00Z,SC542022,400,15,415,2022,NA,NA,3,26
AM,Merluza,2022-03-27T00:00:00Z,AM542022,700,300,1000,2022,NA,NA,3,27
SC,Merluza,2022-03-27T00:00:00Z,SC572022,1100,50,1150,2022,NA,NA,3,27
AM,Merluza,2022-03-27T00:00:00Z,AM522022,700,500,1200,2022,NA,NA,3,27
SC,Merluza,2022-03-28T00:00:00Z,SC5102022,600,50,650,2022,NA,NA,3,28
AM,Merluza,2022-03-28T00:00:00Z,AM552022,500,300,800,2022,NA,NA,3,28
SC,Merluza,2022-03-28T00:00:00Z,SC592022,300,30,330,2022,NA,NA,3,28
SC,Merluza,2022-03-25T00:00:00Z,SC522022,1100,20,1120,2022,NA,NA,3,25
SC,Merluza,2022-03-26T00:00:00Z,SC532022,800,15,815,2022,NA,NA,3,26
AM,Merluza,2022-03-26T00:00:00Z,AM512022,450,250,700,2022,NA,NA,3,26
SC,Merluza,2022-03-14T00:00:00Z,SC412022,700,20,720,2022,NA,NA,3,14
SC,Merluza,2022-03-15T00:00:00Z,SC452022,900,20,920,2022,NA,NA,3,15
SC,Merluza,2022-03-16T00:00:00Z,SC482022,1200,30,1230,2022,NA,NA,3,16
JC,Merluza,2022-04-15T00:00:00Z,JC442022,120,10,130,2022,NA,NA,4,15
SC,Merluza,2022-03-18T00:00:00Z,SC492022,150,0,150,2022,NA,NA,3,18
JC,Merluza,2022-04-19T00:00:00Z,JC4122022,360,20,380,2022,NA,NA,4,19
SC,Merluza,2022-03-18T00:00:00Z,SC4112022,550,20,570,2022,NA,NA,3,18
SC,Merluza,2022-03-15T00:00:00Z,SC442022,700,20,720,2022,NA,NA,3,15
SC,Merluza,2022-03-16T00:00:00Z,SC462022,2400,50,2450,2022,NA,NA,3,16
SC,Merluza,2022-03-15T00:00:00Z,SC422022,600,20,620,2022,NA,NA,3,15
JC,Merluza,2022-04-15T00:00:00Z,JC432022,120,15,135,2022,NA,NA,4,15
SC,Merluza,2022-03-16T00:00:00Z,SC472022,2400,20,2420,2022,NA,NA,3,16
SC,Merluza,2022-03-27T00:00:00Z,SC562022,400,25,425,2022,NA,NA,3,27
SC,Merluza,2022-03-15T00:00:00Z,SC432022,1200,30,1230,2022,NA,NA,3,15
SC,Merluza,2022-03-18T00:00:00Z,SC4102022,350,15,365,2022,NA,NA,3,18
JC,Merluza,2022-04-14T00:00:00Z,JC422022,350,50,400,2022,NA,NA,4,14
JC,Merluza,2022-02-11T00:00:00Z,JC212022,1530,680,2210,2022,NA,NA,2,11
JC,Merluza,2022-03-03T00:00:00Z,JC342022,4750,130,4880,2022,NA,NA,3,3
JC,Merluza,2022-04-14T00:00:00Z,JC412022,720,120,840,2022,NA,NA,4,14
JC,Merluza,2022-04-17T00:00:00Z,JC492022,800,90,890,2022,NA,NA,4,17
JC,Merluza,2022-03-02T00:00:00Z,JC322022,2600,150,2750,2022,NA,NA,3,2
JC,Merluza,2022-02-12T00:00:00Z,JC232022,8370,520,8890,2022,NA,NA,2,12
JC,Merluza,2022-02-13T00:00:00Z,JC242022,4680,500,5180,2022,NA,NA,2,13
JC,Merluza,2022-02-12T00:00:00Z,JC222022,2520,500,3020,2022,NA,NA,2,12
JC,Merluza,2022-03-03T00:00:00Z,JC332022,6250,90,6340,2022,NA,NA,3,3
JC,Merluza,2022-03-02T00:00:00Z,JC312022,6650,200,6850,2022,NA,NA,3,2
JC,Merluza,2022-04-18T00:00:00Z,JC4112022,480,50,530,2022,NA,NA,4,18
JC,Merluza,2022-04-17T00:00:00Z,JC482022,320,7,327,2022,NA,NA,4,17
JC,Merluza,2022-04-18T00:00:00Z,JC4102022,700,90,790,2022,NA,NA,4,18
AM,Merluza,2022-03-10T00:00:00Z,AM462022,100,80,180,2022,NA,NA,3,10
JC,Merluza,2022-02-01T00:00:00Z,JC152022,10400,50,10450,2022,NA,NA,2,1
AM,Merluza,2022-03-10T00:00:00Z,AM452022,200,100,300,2022,NA,NA,3,10
AM,Merluza,2022-01-31T00:00:00Z,AM142022,8970,500,9470,2022,NA,NA,1,31
AM,Merluza,2022-02-12T00:00:00Z,AM232022,8000,400,8400,2022,NA,NA,2,12
JC,Merluza,2022-01-31T00:00:00Z,JC132022,3575,20,3595,2022,NA,NA,1,31
JC,Merluza,2022-04-19T00:00:00Z,JC4132022,360,20,380,2022,NA,NA,4,19
SC,Merluza,2022-02-09T00:00:00Z,SC222022,7000,100,7100,2022,NA,NA,2,9
SC,Merluza,2022-01-31T00:00:00Z,SC122022,8400,50,8450,2022,NA,NA,1,31
AM,Merluza,2022-02-12T00:00:00Z,AM222022,7000,300,7300,2022,NA,NA,2,12
JC,Merluza,2022-01-30T00:00:00Z,JC112022,7800,600,8400,2022,NA,NA,1,30
AM,Merluza,2022-04-05T00:00:00Z,AM632022,750,250,1000,2022,NA,NA,4,5
SC,Merluza,2022-02-19T00:00:00Z,SC312022,2100,10,2110,2022,NA,NA,2,19
AM,Merluza,2022-01-31T00:00:00Z,AM132022,3500,498,3998,2022,NA,NA,1,31
AM,Merluza,2022-02-11T00:00:00Z,AM212022,1500,700,2200,2022,NA,NA,2,11
SC,Merluza,2022-02-11T00:00:00Z,SC252022,2100,1100,3200,2022,NA,NA,2,11
SC,Merluza,2022-02-10T00:00:00Z,SC242022,9000,200,9200,2022,NA,NA,2,10
JC,Merluza,2022-04-16T00:00:00Z,JC462022,150,20,170,2022,NA,NA,4,16
AM,Merluza,2022-03-10T00:00:00Z,AM442022,800,150,950,2022,NA,NA,3,10
SC,Merluza,2022-02-11T00:00:00Z,SC262022,14000,200,14200,2022,NA,NA,2,11
JC,Merluza,2022-04-16T00:00:00Z,JC452022,150,10,160,2022,NA,NA,4,16
SC,Merluza,2022-02-01T00:00:00Z,SC132022,13300,100,13400,2022,NA,NA,2,1
AM,Merluza,2022-04-04T00:00:00Z,AM612022,900,300,1200,2022,NA,NA,4,4
AM,Merluza,2022-01-30T00:00:00Z,AM122022,4000,100,4100,2022,NA,NA,1,30
JC,Escama,2022-04-20T00:00:00Z,JC4152022,20,5,25,2022,NA,NA,4,20
AM,Merluza,2022-03-01T00:00:00Z,AM322022,3000,2000,5000,2022,NA,NA,3,1
SC,Merluza,2022-02-08T00:00:00Z,SC212022,7000,20,7020,2022,NA,NA,2,8
AM,Merluza,2022-02-28T00:00:00Z,AM312022,8000,0,8000,2022,NA,NA,2,28
AM,Merluza,2022-04-04T00:00:00Z,AM622022,1200,200,1400,2022,NA,NA,4,4
AM,Merluza,2022-03-09T00:00:00Z,AM412022,750,250,1000,2022,NA,NA,3,9
SC,Merluza,2022-01-31T00:00:00Z,SC112022,3115,20,3135,2022,NA,NA,1,31
JC,Escama,2022-04-16T00:00:00Z,JC472022,60,70,130,2022,NA,NA,4,16
AM,Merluza,2022-03-02T00:00:00Z,AM362022,10000,0,10000,2022,NA,NA,3,2
AM,Merluza,2022-03-02T00:00:00Z,AM342022,5500,0,5500,2022,NA,NA,3,2
AM,Merluza,2022-01-30T00:00:00Z,AM112022,8200,800,9000,2022,NA,NA,1,30
AM,Merluza,2022-03-09T00:00:00Z,AM422022,2400,400,2800,2022,NA,NA,3,9
JC,Merluza,2022-01-30T00:00:00Z,JC122022,3055,500,3555,2022,NA,NA,1,30
SC,Merluza,2022-02-19T00:00:00Z,SC322022,2500,0,2500,2022,NA,NA,2,19
SC,Merluza,2022-02-20T00:00:00Z,SC332022,200,0,200,2022,NA,NA,2,20
AM,Merluza,2022-04-05T00:00:00Z,AM642022,300,100,400,2022,NA,NA,4,5
AM,Merluza,2022-03-09T00:00:00Z,AM432022,1200,700,1900,2022,NA,NA,3,9
SC,Merluza,2022-02-20T00:00:00Z,SC342022,15000,50,15050,2022,NA,NA,2,20
JC,Merluza,2022-01-31T00:00:00Z,JC142022,3825,600,4425,2022,NA,NA,1,31
LC1,Merluza,2023-02-11T00:00:00Z,LC112023,10500,NA,10500,2023,NA,NA,2,11
LC1,Merluza,2023-02-11T00:00:00Z,LC122023,11500,NA,11500,2023,NA,NA,2,11
LC2,Merluza,2023-02-18T00:00:00Z,LC212023,9900,60,9960,2023,NA,NA,2,18
LC2,Merluza,2023-02-19T00:00:00Z,LC222023,9660,NA,9660,2023,NA,NA,2,19
LC3,Merluza,2023-02-27T00:00:00Z,LC312023,3010,NA,3010,2023,NA,NA,2,27
LC3,Merluza,2023-02-27T00:00:00Z,LC322023,14630,NA,14630,2023,NA,NA,2,27
LC3,Merluza,2023-02-28T00:00:00Z,LC332023,10000,1000,11000,2023,NA,NA,2,28
LC4,Merluza,2023-03-07T00:00:00Z,LC412023,5390,NA,5390,2023,NA,NA,3,7
LC4,Merluza,2023-03-07T00:00:00Z,LC422023,910,60,970,2023,NA,NA,3,7
LG1,Merluza,2023-01-18T00:00:00Z,LG112023,10430,200,10630,2023,NA,NA,1,18
LG1,Merluza,2023-01-18T00:00:00Z,LG112023,11760,350,12110,2023,NA,NA,1,18
LG1,Merluza,2023-01-19T00:00:00Z,LG112023,11060,200,11260,2023,NA,NA,1,19
LG2,Merluza,2023-02-18T00:00:00Z,LG212023,100,20,120,2023,NA,NA,2,18
LG2,Merluza,2023-02-18T00:00:00Z,LG212023,3000,200,3200,2023,NA,NA,2,18
LG2,Merluza,2023-02-19T00:00:00Z,LG212023,2000,50,2050,2023,NA,NA,2,19
LG2,Merluza,2023-02-19T00:00:00Z,LG212023,NA,10000,10000,2023,NA,NA,2,19
LG3,Merluza,2023-03-05T00:00:00Z,LG312023,1350,20,1370,2023,NA,NA,3,5
LG3,Merluza,2023-03-05T00:00:00Z,LG322023,1725,NA,1725,2023,NA,NA,3,5
LG3,Merluza,2023-03-05T00:00:00Z,LG332023,750,750,1500,2023,NA,NA,3,5
LG3,Merluza,2023-03-06T00:00:00Z,LG342023,5250,NA,5250,2023,NA,NA,3,6
LG3,Merluza,2023-03-06T00:00:00Z,LG352023,1500,20,1520,2023,NA,NA,3,6
LG3,Merluza,2023-03-06T00:00:00Z,LG362023,1500,NA,1500,2023,NA,NA,3,6
LG3,Merluza,2023-03-07T00:00:00Z,LG372023,2250,NA,2250,2023,NA,NA,3,7
LG3,Merluza,2023-03-07T00:00:00Z,LG382023,1200,NA,1200,2023,NA,NA,3,7
LC5,Merluza,2023-03-17T00:00:00Z,LC512023,1260,NA,1260,2023,NA,NA,3,17
LC5,Merluza,2023-03-17T00:00:00Z,LC522023,1800,NA,1800,2023,NA,NA,3,17
LC5,Merluza,2023-03-17T00:00:00Z,LC532023,3480,NA,3480,2023,NA,NA,3,17
LC5,Merluza,2023-03-18T00:00:00Z,LC542023,3120,NA,3120,2023,NA,NA,3,18
LC5,Merluza,2023-03-18T00:00:00Z,LC552023,3540,NA,3540,2023,NA,NA,3,18
LC5,Merluza,2023-03-19T00:00:00Z,LC562023,1800,NA,1800,2023,NA,NA,3,19
JC1,Merluza,2023-01-28T00:00:00Z,JC112023,2100,NA,2100,2023,NA,NA,1,28
JC1,Merluza,2023-01-29T00:00:00Z,JC122023,240,NA,240,2023,NA,NA,1,29
JC1,Merluza,2023-01-29T00:00:00Z,JC132023,850,NA,850,2023,NA,NA,1,29
JC1,Merluza,2023-01-29T00:00:00Z,JC142023,1980,NA,1980,2023,NA,NA,1,29
JC1,Merluza,2023-01-30T00:00:00Z,JC152023,780,NA,780,2023,NA,NA,1,30
JC1,Merluza,2023-01-30T00:00:00Z,JC162023,1800,NA,1800,2023,NA,NA,1,30
JC1,Merluza,2023-01-30T00:00:00Z,JC172023,660,NA,660,2023,NA,NA,1,30
JC1,Merluza,2023-01-31T00:00:00Z,JC182023,180,3.6,183.6,2023,NA,NA,1,31
JC1,Merluza,2023-01-31T00:00:00Z,JC192023,480,NA,480,2023,NA,NA,1,31
JC2,Merluza,2023-02-05T00:00:00Z,JC212023,1500,NA,1500,2023,NA,NA,2,5
JC2,Merluza,2023-02-08T00:00:00Z,JC222023,3000,NA,3000,2023,NA,NA,2,8
JC2,Merluza,2023-02-08T00:00:00Z,JC232023,10440,NA,10440,2023,NA,NA,2,8
JC3,Merluza,2023-03-06T00:00:00Z,JC312023,3000,NA,3000,2023,NA,NA,3,6
JC3,Merluza,2023-03-06T00:00:00Z,JC322023,3000,NA,3000,2023,NA,NA,3,6
JC3,Merluza,2023-03-07T00:00:00Z,JC332023,2000,NA,2000,2023,NA,NA,3,7
JC3,Merluza,2023-03-07T00:00:00Z,JC342023,3000,NA,3000,2023,NA,NA,3,7
JC3,Merluza,2023-03-07T00:00:00Z,JC352023,3000,NA,3000,2023,NA,NA,3,7
JC4,Merluza,2023-03-12T00:00:00Z,JC412023,7700,NA,7700,2023,NA,NA,3,12
JC4,Merluza,2023-03-13T00:00:00Z,JC422023,6050,NA,6050,2023,NA,NA,3,13
JC5,Merluza,2023-03-19T00:00:00Z,JC512023,1000,NA,1000,2023,NA,NA,3,19
JC5,Merluza,2023-03-20T00:00:00Z,JC522023,1200,NA,1200,2023,NA,NA,3,20
JC5,Merluza,2023-03-20T00:00:00Z,JC532023,2100,NA,2100,2023,NA,NA,3,20
JC5,Merluza,2023-03-21T00:00:00Z,JC542023,1000,NA,1000,2023,NA,NA,3,21
JC5,Merluza,2023-03-21T00:00:00Z,JC552023,550,NA,550,2023,NA,NA,3,21
JC5,Merluza,2023-03-23T00:00:00Z,JC562023,600,NA,600,2023,NA,NA,3,23
JC5,Merluza,2023-03-23T00:00:00Z,JC572023,1700,15,1715,2023,NA,NA,3,23
JC5,Merluza,2023-03-24T00:00:00Z,JC582023,605,5,610,2023,NA,NA,3,24
